"","isim","beta","lower","upper","covered","method"
"1",1,0,-0.00503244010892645,0.147335492220237,TRUE,"t"
"2",2,0,0,0,TRUE,"t"
"3",3,0,0,0,TRUE,"t"
"4",4,0,0,0,TRUE,"t"
"5",5,0,0,0,TRUE,"t"
"6",6,0,0,0,TRUE,"t"
"7",7,0,0,0,TRUE,"t"
"8",8,0,0,0,TRUE,"t"
"9",9,0,0,0,TRUE,"t"
"10",10,0,0,0,TRUE,"t"
"11",11,0,0,0,TRUE,"t"
"12",12,0,0,0,TRUE,"t"
"13",13,0,0,0,TRUE,"t"
"14",14,0,0,0,TRUE,"t"
"15",15,0,0,0,TRUE,"t"
"16",16,0,0,0,TRUE,"t"
"17",17,0,0,0,TRUE,"t"
"18",18,0,0,0,TRUE,"t"
"19",19,0,0,0,TRUE,"t"
"20",20,0,0,0,TRUE,"t"
"21",21,0,0,0,TRUE,"t"
"22",22,0,0,0,TRUE,"t"
"23",23,0,0,0,TRUE,"t"
"24",24,0,0,0,TRUE,"t"
"25",25,0,0,0,TRUE,"t"
"26",26,0,0,0,TRUE,"t"
"27",27,0,0,0,TRUE,"t"
"28",28,0,0,0,TRUE,"t"
"29",29,0,0,0,TRUE,"t"
"30",30,0,0,0,TRUE,"t"
"31",31,0,0,0,TRUE,"t"
"32",32,0,0,0,TRUE,"t"
"33",33,0,0,0,TRUE,"t"
"34",34,0,0,0,TRUE,"t"
"35",35,0,0,0,TRUE,"t"
"36",36,0,0,0,TRUE,"t"
"37",37,0,0,0,TRUE,"t"
"38",38,0,0,0,TRUE,"t"
"39",39,0,0,0,TRUE,"t"
"40",40,0,0,0,TRUE,"t"
"41",41,0,0,0,TRUE,"t"
"42",42,0,0,0,TRUE,"t"
"43",43,0,0,0,TRUE,"t"
"44",44,0,0,0,TRUE,"t"
"45",45,0,0,0,TRUE,"t"
"46",46,0,0,0,TRUE,"t"
"47",47,0,0,0,TRUE,"t"
"48",48,0,0,0,TRUE,"t"
"49",49,0,0,0,TRUE,"t"
"50",50,0,0,0,TRUE,"t"
"51",51,0,0,0,TRUE,"t"
"52",52,0,0,0,TRUE,"t"
"53",53,0,0,0,TRUE,"t"
"54",54,0,0,0,TRUE,"t"
"55",55,0,0,0,TRUE,"t"
"56",56,0,0,0,TRUE,"t"
"57",57,0,0,0,TRUE,"t"
"58",58,0,0,0,TRUE,"t"
"59",59,0,0,0,TRUE,"t"
"60",60,0,0,0,TRUE,"t"
"61",61,0,0,0,TRUE,"t"
"62",62,0,0,0,TRUE,"t"
"63",63,0,0,0,TRUE,"t"
"64",64,0,0,0,TRUE,"t"
"65",65,0,0,0,TRUE,"t"
"66",66,0,0,0,TRUE,"t"
"67",67,0,0,0,TRUE,"t"
"68",68,0,0,0,TRUE,"t"
"69",69,0,0,0,TRUE,"t"
"70",70,0,0,0,TRUE,"t"
"71",71,0,0,0,TRUE,"t"
"72",72,0,0,0,TRUE,"t"
"73",73,0,0,0,TRUE,"t"
"74",74,0,0,0,TRUE,"t"
"75",75,0,0,0,TRUE,"t"
"76",76,0,0,0,TRUE,"t"
"77",77,0,0,0,TRUE,"t"
"78",78,0,0,0,TRUE,"t"
"79",79,0,0,0,TRUE,"t"
"80",80,0,0,0,TRUE,"t"
"81",81,0,0,0,TRUE,"t"
"82",82,0,0,0,TRUE,"t"
"83",83,0,0,0,TRUE,"t"
"84",84,0,0,0,TRUE,"t"
"85",85,0,0,0,TRUE,"t"
"86",86,0,0,0,TRUE,"t"
"87",87,0,0,0,TRUE,"t"
"88",88,0,0,0,TRUE,"t"
"89",89,0,0,0,TRUE,"t"
"90",90,0,0,0,TRUE,"t"
"91",91,0,0,0,TRUE,"t"
"92",92,0,0,0,TRUE,"t"
"93",93,0,0,0,TRUE,"t"
"94",94,0,0,0,TRUE,"t"
"95",95,0,0,0,TRUE,"t"
"96",96,0,0,0,TRUE,"t"
"97",97,0,0,0,TRUE,"t"
"98",98,0,0,0,TRUE,"t"
"99",99,0,0,0,TRUE,"t"
"100",100,0,0,0,TRUE,"t"
"101",101,0,0,0,TRUE,"t"
"102",102,0,0,0,TRUE,"t"
"103",103,0,0,0,TRUE,"t"
"104",104,0,0,0,TRUE,"t"
"105",105,0,0,0,TRUE,"t"
"106",106,0,0,0,TRUE,"t"
"107",107,0,0,0,TRUE,"t"
"108",108,0,0,0,TRUE,"t"
"109",109,0,0,0,TRUE,"t"
"110",110,0,0,0,TRUE,"t"
"111",111,0,0,0,TRUE,"t"
"112",112,0,0,0,TRUE,"t"
"113",113,0,0,0,TRUE,"t"
"114",114,0,0,0,TRUE,"t"
"115",115,0,0,0,TRUE,"t"
"116",116,0,0,0,TRUE,"t"
"117",117,0,0,0,TRUE,"t"
"118",118,0,0,0,TRUE,"t"
"119",119,0,0,0,TRUE,"t"
"120",120,0,0,0,TRUE,"t"
"121",121,0,0,0,TRUE,"t"
"122",122,0,0,0,TRUE,"t"
"123",123,0,0,0,TRUE,"t"
"124",124,0,0,0,TRUE,"t"
"125",125,0,0,0,TRUE,"t"
"126",126,0,0,0,TRUE,"t"
"127",127,0,0,0,TRUE,"t"
"128",128,0,0,0,TRUE,"t"
"129",129,0,0,0,TRUE,"t"
"130",130,0,0,0,TRUE,"t"
"131",131,0,0,0,TRUE,"t"
"132",132,0,0,0,TRUE,"t"
"133",133,0,0,0,TRUE,"t"
"134",134,0,0,0,TRUE,"t"
"135",135,0,0,0,TRUE,"t"
"136",136,0,0,0,TRUE,"t"
"137",137,0,0,0,TRUE,"t"
"138",138,0,0,0,TRUE,"t"
"139",139,0,0,0,TRUE,"t"
"140",140,0,0,0,TRUE,"t"
"141",141,0,0,0,TRUE,"t"
"142",142,0,0,0,TRUE,"t"
"143",143,0,0,0,TRUE,"t"
"144",144,0,0,0,TRUE,"t"
"145",145,0,0,0,TRUE,"t"
"146",146,0,0,0,TRUE,"t"
"147",147,0,0,0,TRUE,"t"
"148",148,0,0,0,TRUE,"t"
"149",149,0,0,0,TRUE,"t"
"150",150,0,0,0,TRUE,"t"
"151",151,0,0,0,TRUE,"t"
"152",152,0,0,0,TRUE,"t"
"153",153,0,0,0,TRUE,"t"
"154",154,0,0,0,TRUE,"t"
"155",155,0,0,0,TRUE,"t"
"156",156,0,0,0,TRUE,"t"
"157",157,0,0,0,TRUE,"t"
"158",158,0,0,0,TRUE,"t"
"159",159,0,0,0,TRUE,"t"
"160",160,0,0,0,TRUE,"t"
"161",161,0,0,0,TRUE,"t"
"162",162,0,0,0,TRUE,"t"
"163",163,0,0,0,TRUE,"t"
"164",164,0,0,0,TRUE,"t"
"165",165,0,0,0,TRUE,"t"
"166",166,0,0,0,TRUE,"t"
"167",167,0,0,0,TRUE,"t"
"168",168,0,0,0,TRUE,"t"
"169",169,0,0,0,TRUE,"t"
"170",170,0,0,0,TRUE,"t"
"171",171,0,0,0,TRUE,"t"
"172",172,0,0,0,TRUE,"t"
"173",173,0,0,0,TRUE,"t"
"174",174,0,0,0,TRUE,"t"
"175",175,0,0,0,TRUE,"t"
"176",176,0,0,0,TRUE,"t"
"177",177,0,0,0,TRUE,"t"
"178",178,0,0,0,TRUE,"t"
"179",179,0,0,0,TRUE,"t"
"180",180,0,0,0,TRUE,"t"
"181",181,0,0,0,TRUE,"t"
"182",182,0,0,0,TRUE,"t"
"183",183,0,0,0,TRUE,"t"
"184",184,0,0,0,TRUE,"t"
"185",185,0,0,0,TRUE,"t"
"186",186,0,0,0,TRUE,"t"
"187",187,0,0,0,TRUE,"t"
"188",188,0,0,0,TRUE,"t"
"189",189,0,0,0,TRUE,"t"
"190",190,0,0,0,TRUE,"t"
"191",191,0,0,0,TRUE,"t"
"192",192,0,0,0,TRUE,"t"
"193",193,0,0,0,TRUE,"t"
"194",194,0,0,0,TRUE,"t"
"195",195,0,0,0,TRUE,"t"
"196",196,0,0,0,TRUE,"t"
"197",197,0,0,0,TRUE,"t"
"198",198,0,0,0,TRUE,"t"
"199",199,0,0,0,TRUE,"t"
"200",200,0,0,0,TRUE,"t"
"201",201,0,0,0,TRUE,"t"
"202",202,0,0,0,TRUE,"t"
"203",203,0,0,0,TRUE,"t"
"204",204,0,0,0,TRUE,"t"
"205",205,0,0,0,TRUE,"t"
"206",206,0,0,0,TRUE,"t"
"207",207,0,0,0,TRUE,"t"
"208",208,0,0,0,TRUE,"t"
"209",209,0,0,0,TRUE,"t"
"210",210,0,0,0,TRUE,"t"
"211",211,0,0,0,TRUE,"t"
"212",212,0,0,0,TRUE,"t"
"213",213,0,0,0,TRUE,"t"
"214",214,0,0,0,TRUE,"t"
"215",215,0,0,0,TRUE,"t"
"216",216,0,0,0,TRUE,"t"
"217",217,0,0,0,TRUE,"t"
"218",218,0,0,0,TRUE,"t"
"219",219,0,0,0,TRUE,"t"
"220",220,0,0,0,TRUE,"t"
"221",221,0,0,0,TRUE,"t"
"222",222,0,0,0,TRUE,"t"
"223",223,0,0,0,TRUE,"t"
"224",224,0,0,0,TRUE,"t"
"225",225,0,0,0,TRUE,"t"
"226",226,0,0,0,TRUE,"t"
"227",227,0,0,0,TRUE,"t"
"228",228,0,0,0,TRUE,"t"
"229",229,0,0,0,TRUE,"t"
"230",230,0,0,0,TRUE,"t"
"231",231,0,0,0,TRUE,"t"
"232",232,0,0,0,TRUE,"t"
"233",233,0,0,0,TRUE,"t"
"234",234,0,0,0,TRUE,"t"
"235",235,0,0,0,TRUE,"t"
"236",236,0,0,0,TRUE,"t"
"237",237,0,0,0,TRUE,"t"
"238",238,0,0,0,TRUE,"t"
"239",239,0,0,0,TRUE,"t"
"240",240,0,0,0,TRUE,"t"
"241",241,0,0,0,TRUE,"t"
"242",242,0,0,0,TRUE,"t"
"243",243,0,0,0,TRUE,"t"
"244",244,0,0,0,TRUE,"t"
"245",245,0,0,0,TRUE,"t"
"246",246,0,0,0,TRUE,"t"
"247",247,0,0,0,TRUE,"t"
"248",248,0,0,0,TRUE,"t"
"249",249,0,0,0,TRUE,"t"
"250",250,0,0,0,TRUE,"t"
"251",251,0,0,0,TRUE,"t"
"252",252,0,0,0,TRUE,"t"
"253",253,0,0,0,TRUE,"t"
"254",254,0,0,0,TRUE,"t"
"255",255,0,0,0,TRUE,"t"
"256",256,0,0,0,TRUE,"t"
"257",257,0,0,0,TRUE,"t"
"258",258,0,0,0,TRUE,"t"
"259",259,0,0,0,TRUE,"t"
"260",260,0,0,0,TRUE,"t"
"261",261,0,0,0,TRUE,"t"
"262",262,0,0,0,TRUE,"t"
"263",263,0,0,0,TRUE,"t"
"264",264,0,0,0,TRUE,"t"
"265",265,0,0,0,TRUE,"t"
"266",266,0,0,0,TRUE,"t"
"267",267,0,0,0,TRUE,"t"
"268",268,0,0,0,TRUE,"t"
"269",269,0,0,0,TRUE,"t"
"270",270,0,0,0,TRUE,"t"
"271",271,0,0,0,TRUE,"t"
"272",272,0,0,0,TRUE,"t"
"273",273,0,0,0,TRUE,"t"
"274",274,0,0,0,TRUE,"t"
"275",275,0,0,0,TRUE,"t"
"276",276,0,0,0,TRUE,"t"
"277",277,0,0,0,TRUE,"t"
"278",278,0,0,0,TRUE,"t"
"279",279,0,0,0,TRUE,"t"
"280",280,0,0,0,TRUE,"t"
"281",281,0,0,0,TRUE,"t"
"282",282,0,0,0,TRUE,"t"
"283",283,0,0,0,TRUE,"t"
"284",284,0,0,0,TRUE,"t"
"285",285,0,0,0,TRUE,"t"
"286",286,0,0,0,TRUE,"t"
"287",287,0,0,0,TRUE,"t"
"288",288,0,0,0,TRUE,"t"
"289",289,0,0,0,TRUE,"t"
"290",290,0,0,0,TRUE,"t"
"291",291,0,0,0,TRUE,"t"
"292",292,0,0,0,TRUE,"t"
"293",293,0,0,0,TRUE,"t"
"294",294,0,0,0,TRUE,"t"
"295",295,0,0,0,TRUE,"t"
"296",296,0,0,0,TRUE,"t"
"297",297,0,0,0,TRUE,"t"
"298",298,0,0,0,TRUE,"t"
"299",299,0,0,0,TRUE,"t"
"300",300,0,0,0,TRUE,"t"
"301",301,0,0,0,TRUE,"t"
"302",302,0,0,0,TRUE,"t"
"303",303,0,0,0,TRUE,"t"
"304",304,0,0,0,TRUE,"t"
"305",305,0,0,0,TRUE,"t"
"306",306,0,0,0,TRUE,"t"
"307",307,0,0,0,TRUE,"t"
"308",308,0,0,0,TRUE,"t"
"309",309,0,0,0,TRUE,"t"
"310",310,0,0,0,TRUE,"t"
"311",311,0,0,0,TRUE,"t"
"312",312,0,0,0,TRUE,"t"
"313",313,0,0,0,TRUE,"t"
"314",314,0,0,0,TRUE,"t"
"315",315,0,0,0,TRUE,"t"
"316",316,0,0,0,TRUE,"t"
"317",317,0,0,0,TRUE,"t"
"318",318,0,0,0,TRUE,"t"
"319",319,0,0,0,TRUE,"t"
"320",320,0,0,0,TRUE,"t"
"321",321,0,0,0,TRUE,"t"
"322",322,0,0,0,TRUE,"t"
"323",323,0,0,0,TRUE,"t"
"324",324,0,0,0,TRUE,"t"
"325",325,0,0,0,TRUE,"t"
"326",326,0,0,0,TRUE,"t"
"327",327,0,0,0,TRUE,"t"
"328",328,0,0,0,TRUE,"t"
"329",329,0,0,0,TRUE,"t"
"330",330,0,0,0,TRUE,"t"
"331",331,0,0,0,TRUE,"t"
"332",332,0,0,0,TRUE,"t"
"333",333,0,0,0,TRUE,"t"
"334",334,0,0,0,TRUE,"t"
"335",335,0,0,0,TRUE,"t"
"336",336,0,0,0,TRUE,"t"
"337",337,0,0,0,TRUE,"t"
"338",338,0,0,0,TRUE,"t"
"339",339,0,0,0,TRUE,"t"
"340",340,0,0,0,TRUE,"t"
"341",341,0,0,0,TRUE,"t"
"342",342,0,0,0,TRUE,"t"
"343",343,0,0,0,TRUE,"t"
"344",344,0,0,0,TRUE,"t"
"345",345,0,0,0,TRUE,"t"
"346",346,0,0,0,TRUE,"t"
"347",347,0,0,0,TRUE,"t"
"348",348,0,0,0,TRUE,"t"
"349",349,0,0,0,TRUE,"t"
"350",350,0,0,0,TRUE,"t"
"351",351,0,0,0,TRUE,"t"
"352",352,0,0,0,TRUE,"t"
"353",353,0,0,0,TRUE,"t"
"354",354,0,0,0,TRUE,"t"
"355",355,0,0,0,TRUE,"t"
"356",356,0,0,0,TRUE,"t"
"357",357,0,0,0,TRUE,"t"
"358",358,0,0,0,TRUE,"t"
"359",359,0,0,0,TRUE,"t"
"360",360,0,0,0,TRUE,"t"
"361",361,0,0,0,TRUE,"t"
"362",362,0,0,0,TRUE,"t"
"363",363,0,0,0,TRUE,"t"
"364",364,0,0,0,TRUE,"t"
"365",365,0,0,0,TRUE,"t"
"366",366,0,0,0,TRUE,"t"
"367",367,0,0,0,TRUE,"t"
"368",368,0,0,0,TRUE,"t"
"369",369,0,0,0,TRUE,"t"
"370",370,0,0,0,TRUE,"t"
"371",371,0,0,0,TRUE,"t"
"372",372,0,0,0,TRUE,"t"
"373",373,0,0,0,TRUE,"t"
"374",374,0,0,0,TRUE,"t"
"375",375,0,0,0,TRUE,"t"
"376",376,0,0,0,TRUE,"t"
"377",377,0,0,0,TRUE,"t"
"378",378,0,0,0,TRUE,"t"
"379",379,0,0,0,TRUE,"t"
"380",380,0,0,0,TRUE,"t"
"381",381,0,0,0,TRUE,"t"
"382",382,0,0,0,TRUE,"t"
"383",383,0,0,0,TRUE,"t"
"384",384,0,0,0,TRUE,"t"
"385",385,0,0,0,TRUE,"t"
"386",386,0,0,0,TRUE,"t"
"387",387,0,0,0,TRUE,"t"
"388",388,0,0,0,TRUE,"t"
"389",389,0,0,0,TRUE,"t"
"390",390,0,0,0,TRUE,"t"
"391",391,0,0,0,TRUE,"t"
"392",392,0,0,0,TRUE,"t"
"393",393,0,0,0,TRUE,"t"
"394",394,0,0,0,TRUE,"t"
"395",395,0,0,0,TRUE,"t"
"396",396,0,0,0,TRUE,"t"
"397",397,0,0,0,TRUE,"t"
"398",398,0,0,0,TRUE,"t"
"399",399,0,0,0,TRUE,"t"
"400",400,0,0,0,TRUE,"t"
"401",401,0,0,0,TRUE,"t"
"402",402,0,0,0,TRUE,"t"
"403",403,0,0,0,TRUE,"t"
"404",404,0,0,0,TRUE,"t"
"405",405,0,0,0,TRUE,"t"
"406",406,0,0,0,TRUE,"t"
"407",407,0,0,0,TRUE,"t"
"408",408,0,0,0,TRUE,"t"
"409",409,0,0,0,TRUE,"t"
"410",410,0,0,0,TRUE,"t"
"411",411,0,0,0,TRUE,"t"
"412",412,0,0,0,TRUE,"t"
"413",413,0,0,0,TRUE,"t"
"414",414,0,0,0,TRUE,"t"
"415",415,0,0,0,TRUE,"t"
"416",416,0,0,0,TRUE,"t"
"417",417,0,0,0,TRUE,"t"
"418",418,0,0,0,TRUE,"t"
"419",419,0,0,0,TRUE,"t"
"420",420,0,0,0,TRUE,"t"
"421",421,0,0,0,TRUE,"t"
"422",422,0,0,0,TRUE,"t"
"423",423,0,0,0,TRUE,"t"
"424",424,0,0,0,TRUE,"t"
"425",425,0,0,0,TRUE,"t"
"426",426,0,0,0,TRUE,"t"
"427",427,0,0,0,TRUE,"t"
"428",428,0,0,0,TRUE,"t"
"429",429,0,0,0,TRUE,"t"
"430",430,0,0,0,TRUE,"t"
"431",431,0,0,0,TRUE,"t"
"432",432,0,0,0,TRUE,"t"
"433",433,0,0,0,TRUE,"t"
"434",434,0,0,0,TRUE,"t"
"435",435,0,0,0,TRUE,"t"
"436",436,0,0,0,TRUE,"t"
"437",437,0,0,0,TRUE,"t"
"438",438,0,0,0,TRUE,"t"
"439",439,0,0,0,TRUE,"t"
"440",440,0,0,0,TRUE,"t"
"441",441,0,0,0,TRUE,"t"
"442",442,0,0,0,TRUE,"t"
"443",443,0,0,0,TRUE,"t"
"444",444,0,0,0,TRUE,"t"
"445",445,0,0,0,TRUE,"t"
"446",446,0,0,0,TRUE,"t"
"447",447,0,0,0,TRUE,"t"
"448",448,0,0,0,TRUE,"t"
"449",449,0,0,0,TRUE,"t"
"450",450,0,0,0,TRUE,"t"
"451",451,0,0,0,TRUE,"t"
"452",452,0,0,0,TRUE,"t"
"453",453,0,0,0,TRUE,"t"
"454",454,0,0,0,TRUE,"t"
"455",455,0,0,0,TRUE,"t"
"456",456,0,0,0,TRUE,"t"
"457",457,0,0,0,TRUE,"t"
"458",458,0,0,0,TRUE,"t"
"459",459,0,0,0,TRUE,"t"
"460",460,0,0,0,TRUE,"t"
"461",461,0,0,0,TRUE,"t"
"462",462,0,0,0,TRUE,"t"
"463",463,0,0,0,TRUE,"t"
"464",464,0,0,0,TRUE,"t"
"465",465,0,0,0,TRUE,"t"
"466",466,0,0,0,TRUE,"t"
"467",467,0,0,0,TRUE,"t"
"468",468,0,0,0,TRUE,"t"
"469",469,0,0,0,TRUE,"t"
"470",470,0,0,0,TRUE,"t"
"471",471,0,0,0,TRUE,"t"
"472",472,0,0,0,TRUE,"t"
"473",473,0,0,0,TRUE,"t"
"474",474,0,0,0,TRUE,"t"
"475",475,0,0,0,TRUE,"t"
"476",476,0,0,0,TRUE,"t"
"477",477,0,0,0,TRUE,"t"
"478",478,0,0,0,TRUE,"t"
"479",479,0,0,0,TRUE,"t"
"480",480,0,0,0,TRUE,"t"
"481",481,0,0,0,TRUE,"t"
"482",482,0,0,0,TRUE,"t"
"483",483,0,0,0,TRUE,"t"
"484",484,0,0,0,TRUE,"t"
"485",485,0,0,0,TRUE,"t"
"486",486,0,0,0,TRUE,"t"
"487",487,0,0,0,TRUE,"t"
"488",488,0,0,0,TRUE,"t"
"489",489,0,0,0,TRUE,"t"
"490",490,0,0,0,TRUE,"t"
"491",491,0,0,0,TRUE,"t"
"492",492,0,0,0,TRUE,"t"
"493",493,0,0,0,TRUE,"t"
"494",494,0,0,0,TRUE,"t"
"495",495,0,0,0,TRUE,"t"
"496",496,0,0,0,TRUE,"t"
"497",497,0,0,0,TRUE,"t"
"498",498,0,0,0,TRUE,"t"
"499",499,0,0,0,TRUE,"t"
"500",500,0,0,0,TRUE,"t"
"501",501,0,0,0,TRUE,"t"
"502",502,0,0,0,TRUE,"t"
"503",503,0,0,0,TRUE,"t"
"504",504,0,0,0,TRUE,"t"
"505",505,0,0,0,TRUE,"t"
"506",506,0,0,0,TRUE,"t"
"507",507,0,0,0,TRUE,"t"
"508",508,0,0,0,TRUE,"t"
"509",509,0,0,0,TRUE,"t"
"510",510,0,0,0,TRUE,"t"
"511",511,0,0,0,TRUE,"t"
"512",512,0,0,0,TRUE,"t"
"513",513,0,0,0,TRUE,"t"
"514",514,0,0,0,TRUE,"t"
"515",515,0,0,0,TRUE,"t"
"516",516,0,0,0,TRUE,"t"
"517",517,0,0,0,TRUE,"t"
"518",518,0,0,0,TRUE,"t"
"519",519,0,0,0,TRUE,"t"
"520",520,0,0,0,TRUE,"t"
"521",521,0,0,0,TRUE,"t"
"522",522,0,0,0,TRUE,"t"
"523",523,0,0,0,TRUE,"t"
"524",524,0,0,0,TRUE,"t"
"525",525,0,0,0,TRUE,"t"
"526",526,0,0,0,TRUE,"t"
"527",527,0,0,0,TRUE,"t"
"528",528,0,0,0,TRUE,"t"
"529",529,0,0,0,TRUE,"t"
"530",530,0,0,0,TRUE,"t"
"531",531,0,0,0,TRUE,"t"
"532",532,0,0,0,TRUE,"t"
"533",533,0,0,0,TRUE,"t"
"534",534,0,0,0,TRUE,"t"
"535",535,0,0,0,TRUE,"t"
"536",536,0,0,0,TRUE,"t"
"537",537,0,0,0,TRUE,"t"
"538",538,0,0,0,TRUE,"t"
"539",539,0,0,0,TRUE,"t"
"540",540,0,0,0,TRUE,"t"
"541",541,0,0,0,TRUE,"t"
"542",542,0,0,0,TRUE,"t"
"543",543,0,0,0,TRUE,"t"
"544",544,0,0,0,TRUE,"t"
"545",545,0,0,0,TRUE,"t"
"546",546,0,0,0,TRUE,"t"
"547",547,0,0,0,TRUE,"t"
"548",548,0,0,0,TRUE,"t"
"549",549,0,0,0,TRUE,"t"
"550",550,0,0,0,TRUE,"t"
"551",551,0,0,0,TRUE,"t"
"552",552,0,0,0,TRUE,"t"
"553",553,0,0,0,TRUE,"t"
"554",554,0,0,0,TRUE,"t"
"555",555,0,0,0,TRUE,"t"
"556",556,0,0,0,TRUE,"t"
"557",557,0,0,0,TRUE,"t"
"558",558,0,0,0,TRUE,"t"
"559",559,0,0,0,TRUE,"t"
"560",560,0,0,0,TRUE,"t"
"561",561,0,0,0,TRUE,"t"
"562",562,0,0,0,TRUE,"t"
"563",563,0,0,0,TRUE,"t"
"564",564,0,0,0,TRUE,"t"
"565",565,0,0,0,TRUE,"t"
"566",566,0,0,0,TRUE,"t"
"567",567,0,0,0,TRUE,"t"
"568",568,0,0,0,TRUE,"t"
"569",569,0,0,0,TRUE,"t"
"570",570,0,0,0,TRUE,"t"
"571",571,0,0,0,TRUE,"t"
"572",572,0,0,0,TRUE,"t"
"573",573,0,0,0,TRUE,"t"
"574",574,0,0,0,TRUE,"t"
"575",575,0,0,0,TRUE,"t"
"576",576,0,0,0,TRUE,"t"
"577",577,0,0,0,TRUE,"t"
"578",578,0,0,0,TRUE,"t"
"579",579,0,0,0,TRUE,"t"
"580",580,0,0,0,TRUE,"t"
"581",581,0,0,0,TRUE,"t"
"582",582,0,0,0,TRUE,"t"
"583",583,0,0,0,TRUE,"t"
"584",584,0,0,0,TRUE,"t"
"585",585,0,0,0,TRUE,"t"
"586",586,0,0,0,TRUE,"t"
"587",587,0,0,0,TRUE,"t"
"588",588,0,0,0,TRUE,"t"
"589",589,0,0,0,TRUE,"t"
"590",590,0,0,0,TRUE,"t"
"591",591,0,0,0,TRUE,"t"
"592",592,0,0,0,TRUE,"t"
"593",593,0,0,0,TRUE,"t"
"594",594,0,0,0,TRUE,"t"
"595",595,0,0,0,TRUE,"t"
"596",596,0,0,0,TRUE,"t"
"597",597,0,0,0,TRUE,"t"
"598",598,0,0,0,TRUE,"t"
"599",599,0,0,0,TRUE,"t"
"600",600,0,0,0,TRUE,"t"
"601",601,0,0,0,TRUE,"t"
"602",602,0,0,0,TRUE,"t"
"603",603,0,0,0,TRUE,"t"
"604",604,0,0,0,TRUE,"t"
"605",605,0,0,0,TRUE,"t"
"606",606,0,0,0,TRUE,"t"
"607",607,0,0,0,TRUE,"t"
"608",608,0,0,0,TRUE,"t"
"609",609,0,0,0,TRUE,"t"
"610",610,0,0,0,TRUE,"t"
"611",611,0,0,0,TRUE,"t"
"612",612,0,0,0,TRUE,"t"
"613",613,0,0,0,TRUE,"t"
"614",614,0,0,0,TRUE,"t"
"615",615,0,0,0,TRUE,"t"
"616",616,0,0,0,TRUE,"t"
"617",617,0,0,0,TRUE,"t"
"618",618,0,0,0,TRUE,"t"
"619",619,0,0,0,TRUE,"t"
"620",620,0,0,0,TRUE,"t"
"621",621,0,0,0,TRUE,"t"
"622",622,0,0,0,TRUE,"t"
"623",623,0,0,0,TRUE,"t"
"624",624,0,0,0,TRUE,"t"
"625",625,0,0,0,TRUE,"t"
"626",626,0,0,0,TRUE,"t"
"627",627,0,0,0,TRUE,"t"
"628",628,0,0,0,TRUE,"t"
"629",629,0,0,0,TRUE,"t"
"630",630,0,0,0,TRUE,"t"
"631",631,0,0,0,TRUE,"t"
"632",632,0,0,0,TRUE,"t"
"633",633,0,0,0,TRUE,"t"
"634",634,0,0,0,TRUE,"t"
"635",635,0,0,0,TRUE,"t"
"636",636,0,0,0,TRUE,"t"
"637",637,0,0,0,TRUE,"t"
"638",638,0,0,0,TRUE,"t"
"639",639,0,0,0,TRUE,"t"
"640",640,0,0,0,TRUE,"t"
"641",641,0,0,0,TRUE,"t"
"642",642,0,0,0,TRUE,"t"
"643",643,0,0,0,TRUE,"t"
"644",644,0,0,0,TRUE,"t"
"645",645,0,0,0,TRUE,"t"
"646",646,0,0,0,TRUE,"t"
"647",647,0,0,0,TRUE,"t"
"648",648,0,0,0,TRUE,"t"
"649",649,0,0,0,TRUE,"t"
"650",650,0,0,0,TRUE,"t"
"651",651,0,0,0,TRUE,"t"
"652",652,0,0,0,TRUE,"t"
"653",653,0,0,0,TRUE,"t"
"654",654,0,0,0,TRUE,"t"
"655",655,0,0,0,TRUE,"t"
"656",656,0,0,0,TRUE,"t"
"657",657,0,0,0,TRUE,"t"
"658",658,0,0,0,TRUE,"t"
"659",659,0,0,0,TRUE,"t"
"660",660,0,0,0,TRUE,"t"
"661",661,0,0,0,TRUE,"t"
"662",662,0,0,0,TRUE,"t"
"663",663,0,0,0,TRUE,"t"
"664",664,0,0,0,TRUE,"t"
"665",665,0,0,0,TRUE,"t"
"666",666,0,0,0,TRUE,"t"
"667",667,0,0,0,TRUE,"t"
"668",668,0,0,0,TRUE,"t"
"669",669,0,0,0,TRUE,"t"
"670",670,0,0,0,TRUE,"t"
"671",671,0,0,0,TRUE,"t"
"672",672,0,0,0,TRUE,"t"
"673",673,0,0,0,TRUE,"t"
"674",674,0,0,0,TRUE,"t"
"675",675,0,0,0,TRUE,"t"
"676",676,0,0,0,TRUE,"t"
"677",677,0,0,0,TRUE,"t"
"678",678,0,0,0,TRUE,"t"
"679",679,0,0,0,TRUE,"t"
"680",680,0,0,0,TRUE,"t"
"681",681,0,0,0,TRUE,"t"
"682",682,0,0,0,TRUE,"t"
"683",683,0,0,0,TRUE,"t"
"684",684,0,0,0,TRUE,"t"
"685",685,0,0,0,TRUE,"t"
"686",686,0,0,0,TRUE,"t"
"687",687,0,0,0,TRUE,"t"
"688",688,0,0,0,TRUE,"t"
"689",689,0,0,0,TRUE,"t"
"690",690,0,0,0,TRUE,"t"
"691",691,0,0,0,TRUE,"t"
"692",692,0,0,0,TRUE,"t"
"693",693,0,0,0,TRUE,"t"
"694",694,0,0,0,TRUE,"t"
"695",695,0,0,0,TRUE,"t"
"696",696,0,0,0,TRUE,"t"
"697",697,0,0,0,TRUE,"t"
"698",698,0,0,0,TRUE,"t"
"699",699,0,0,0,TRUE,"t"
"700",700,0,0,0,TRUE,"t"
"701",701,0,0,0,TRUE,"t"
"702",702,0,0,0,TRUE,"t"
"703",703,0,0,0,TRUE,"t"
"704",704,0,0,0,TRUE,"t"
"705",705,0,0,0,TRUE,"t"
"706",706,0,0,0,TRUE,"t"
"707",707,0,0,0,TRUE,"t"
"708",708,0,0,0,TRUE,"t"
"709",709,0,0,0,TRUE,"t"
"710",710,0,0,0,TRUE,"t"
"711",711,0,0,0,TRUE,"t"
"712",712,0,0,0,TRUE,"t"
"713",713,0,0,0,TRUE,"t"
"714",714,0,0,0,TRUE,"t"
"715",715,0,0,0,TRUE,"t"
"716",716,0,0,0,TRUE,"t"
"717",717,0,0,0,TRUE,"t"
"718",718,0,0,0,TRUE,"t"
"719",719,0,0,0,TRUE,"t"
"720",720,0,0,0,TRUE,"t"
"721",721,0,0,0,TRUE,"t"
"722",722,0,0,0,TRUE,"t"
"723",723,0,0,0,TRUE,"t"
"724",724,0,0,0,TRUE,"t"
"725",725,0,0,0,TRUE,"t"
"726",726,0,0,0,TRUE,"t"
"727",727,0,0,0,TRUE,"t"
"728",728,0,0,0,TRUE,"t"
"729",729,0,0,0,TRUE,"t"
"730",730,0,0,0,TRUE,"t"
"731",731,0,0,0,TRUE,"t"
"732",732,0,0,0,TRUE,"t"
"733",733,0,0,0,TRUE,"t"
"734",734,0,0,0,TRUE,"t"
"735",735,0,0,0,TRUE,"t"
"736",736,0,0,0,TRUE,"t"
"737",737,0,0,0,TRUE,"t"
"738",738,0,0,0,TRUE,"t"
"739",739,0,0,0,TRUE,"t"
"740",740,0,0,0,TRUE,"t"
"741",741,0,0,0,TRUE,"t"
"742",742,0,0,0,TRUE,"t"
"743",743,0,0,0,TRUE,"t"
"744",744,0,0,0,TRUE,"t"
"745",745,0,0,0,TRUE,"t"
"746",746,0,0,0,TRUE,"t"
"747",747,0,0,0,TRUE,"t"
"748",748,0,0,0,TRUE,"t"
"749",749,0,0,0,TRUE,"t"
"750",750,0,0,0,TRUE,"t"
"751",751,0,0,0,TRUE,"t"
"752",752,0,0,0,TRUE,"t"
"753",753,0,0,0,TRUE,"t"
"754",754,0,0,0,TRUE,"t"
"755",755,0,0,0,TRUE,"t"
"756",756,0,0,0,TRUE,"t"
"757",757,0,0,0,TRUE,"t"
"758",758,0,0,0,TRUE,"t"
"759",759,0,0,0,TRUE,"t"
"760",760,0,0,0,TRUE,"t"
"761",761,0,0,0,TRUE,"t"
"762",762,0,0,0,TRUE,"t"
"763",763,0,0,0,TRUE,"t"
"764",764,0,0,0,TRUE,"t"
"765",765,0,0,0,TRUE,"t"
"766",766,0,0,0,TRUE,"t"
"767",767,0,0,0,TRUE,"t"
"768",768,0,0,0,TRUE,"t"
"769",769,0,0,0,TRUE,"t"
"770",770,0,0,0,TRUE,"t"
"771",771,0,0,0,TRUE,"t"
"772",772,0,0,0,TRUE,"t"
"773",773,0,0,0,TRUE,"t"
"774",774,0,0,0,TRUE,"t"
"775",775,0,0,0,TRUE,"t"
"776",776,0,0,0,TRUE,"t"
"777",777,0,0,0,TRUE,"t"
"778",778,0,0,0,TRUE,"t"
"779",779,0,0,0,TRUE,"t"
"780",780,0,0,0,TRUE,"t"
"781",781,0,0,0,TRUE,"t"
"782",782,0,0,0,TRUE,"t"
"783",783,0,0,0,TRUE,"t"
"784",784,0,0,0,TRUE,"t"
"785",785,0,0,0,TRUE,"t"
"786",786,0,0,0,TRUE,"t"
"787",787,0,0,0,TRUE,"t"
"788",788,0,0,0,TRUE,"t"
"789",789,0,0,0,TRUE,"t"
"790",790,0,0,0,TRUE,"t"
"791",791,0,0,0,TRUE,"t"
"792",792,0,0,0,TRUE,"t"
"793",793,0,0,0,TRUE,"t"
"794",794,0,0,0,TRUE,"t"
"795",795,0,0,0,TRUE,"t"
"796",796,0,0,0,TRUE,"t"
"797",797,0,0,0,TRUE,"t"
"798",798,0,0,0,TRUE,"t"
"799",799,0,0,0,TRUE,"t"
"800",800,0,0,0,TRUE,"t"
"801",801,0,0,0,TRUE,"t"
"802",802,0,0,0,TRUE,"t"
"803",803,0,0,0,TRUE,"t"
"804",804,0,0,0,TRUE,"t"
"805",805,0,0,0,TRUE,"t"
"806",806,0,0,0,TRUE,"t"
"807",807,0,0,0,TRUE,"t"
"808",808,0,0,0,TRUE,"t"
"809",809,0,0,0,TRUE,"t"
"810",810,0,0,0,TRUE,"t"
"811",811,0,0,0,TRUE,"t"
"812",812,0,0,0,TRUE,"t"
"813",813,0,0,0,TRUE,"t"
"814",814,0,0,0,TRUE,"t"
"815",815,0,0,0,TRUE,"t"
"816",816,0,0,0,TRUE,"t"
"817",817,0,0,0,TRUE,"t"
"818",818,0,0,0,TRUE,"t"
"819",819,0,0,0,TRUE,"t"
"820",820,0,0,0,TRUE,"t"
"821",821,0,0,0,TRUE,"t"
"822",822,0,0,0,TRUE,"t"
"823",823,0,0,0,TRUE,"t"
"824",824,0,0,0,TRUE,"t"
"825",825,0,0,0,TRUE,"t"
"826",826,0,0,0,TRUE,"t"
"827",827,0,0,0,TRUE,"t"
"828",828,0,0,0,TRUE,"t"
"829",829,0,0,0,TRUE,"t"
"830",830,0,0,0,TRUE,"t"
"831",831,0,0,0,TRUE,"t"
"832",832,0,0,0,TRUE,"t"
"833",833,0,0,0,TRUE,"t"
"834",834,0,0,0,TRUE,"t"
"835",835,0,0,0,TRUE,"t"
"836",836,0,0,0,TRUE,"t"
"837",837,0,0,0,TRUE,"t"
"838",838,0,0,0,TRUE,"t"
"839",839,0,0,0,TRUE,"t"
"840",840,0,0,0,TRUE,"t"
"841",841,0,0,0,TRUE,"t"
"842",842,0,0,0,TRUE,"t"
"843",843,0,0,0,TRUE,"t"
"844",844,0,0,0,TRUE,"t"
"845",845,0,0,0,TRUE,"t"
"846",846,0,0,0,TRUE,"t"
"847",847,0,0,0,TRUE,"t"
"848",848,0,0,0,TRUE,"t"
"849",849,0,0,0,TRUE,"t"
"850",850,0,0,0,TRUE,"t"
"851",851,0,0,0,TRUE,"t"
"852",852,0,0,0,TRUE,"t"
"853",853,0,0,0,TRUE,"t"
"854",854,0,0,0,TRUE,"t"
"855",855,0,0,0,TRUE,"t"
"856",856,0,0,0,TRUE,"t"
"857",857,0,0,0,TRUE,"t"
"858",858,0,0,0,TRUE,"t"
"859",859,0,0,0,TRUE,"t"
"860",860,0,0,0,TRUE,"t"
"861",861,0,0,0,TRUE,"t"
"862",862,0,0,0,TRUE,"t"
"863",863,0,0,0,TRUE,"t"
"864",864,0,0,0,TRUE,"t"
"865",865,0,0,0,TRUE,"t"
"866",866,0,0,0,TRUE,"t"
"867",867,0,0,0,TRUE,"t"
"868",868,0,0,0,TRUE,"t"
"869",869,0,0,0,TRUE,"t"
"870",870,0,0,0,TRUE,"t"
"871",871,0,0,0,TRUE,"t"
"872",872,0,0,0,TRUE,"t"
"873",873,0,0,0,TRUE,"t"
"874",874,0,0,0,TRUE,"t"
"875",875,0,0,0,TRUE,"t"
"876",876,0,0,0,TRUE,"t"
"877",877,0,0,0,TRUE,"t"
"878",878,0,0,0,TRUE,"t"
"879",879,0,0,0,TRUE,"t"
"880",880,0,0,0,TRUE,"t"
"881",881,0,0,0,TRUE,"t"
"882",882,0,0,0,TRUE,"t"
"883",883,0,0,0,TRUE,"t"
"884",884,0,0,0,TRUE,"t"
"885",885,0,0,0,TRUE,"t"
"886",886,0,0,0,TRUE,"t"
"887",887,0,0,0,TRUE,"t"
"888",888,0,0,0,TRUE,"t"
"889",889,0,0,0,TRUE,"t"
"890",890,0,0,0,TRUE,"t"
"891",891,0,0,0,TRUE,"t"
"892",892,0,0,0,TRUE,"t"
"893",893,0,0,0,TRUE,"t"
"894",894,0,0,0,TRUE,"t"
"895",895,0,0,0,TRUE,"t"
"896",896,0,0,0,TRUE,"t"
"897",897,0,0,0,TRUE,"t"
"898",898,0,0,0,TRUE,"t"
"899",899,0,0,0,TRUE,"t"
"900",900,0,0,0,TRUE,"t"
"901",901,0,0,0,TRUE,"t"
"902",902,0,0,0,TRUE,"t"
"903",903,0,0,0,TRUE,"t"
"904",904,0,0,0,TRUE,"t"
"905",905,0,0,0,TRUE,"t"
"906",906,0,0,0,TRUE,"t"
"907",907,0,0,0,TRUE,"t"
"908",908,0,0,0,TRUE,"t"
"909",909,0,0,0,TRUE,"t"
"910",910,0,0,0,TRUE,"t"
"911",911,0,0,0,TRUE,"t"
"912",912,0,0,0,TRUE,"t"
"913",913,0,0,0,TRUE,"t"
"914",914,0,0,0,TRUE,"t"
"915",915,0,0,0,TRUE,"t"
"916",916,0,0,0,TRUE,"t"
"917",917,0,0,0,TRUE,"t"
"918",918,0,0,0,TRUE,"t"
"919",919,0,0,0,TRUE,"t"
"920",920,0,0,0,TRUE,"t"
"921",921,0,0,0,TRUE,"t"
"922",922,0,0,0,TRUE,"t"
"923",923,0,0,0,TRUE,"t"
"924",924,0,0,0,TRUE,"t"
"925",925,0,0,0,TRUE,"t"
"926",926,0,0,0,TRUE,"t"
"927",927,0,0,0,TRUE,"t"
"928",928,0,0,0,TRUE,"t"
"929",929,0,0,0,TRUE,"t"
"930",930,0,0,0,TRUE,"t"
"931",931,0,0,0,TRUE,"t"
"932",932,0,0,0,TRUE,"t"
"933",933,0,0,0,TRUE,"t"
"934",934,0,0,0,TRUE,"t"
"935",935,0,0,0,TRUE,"t"
"936",936,0,0,0,TRUE,"t"
"937",937,0,0,0,TRUE,"t"
"938",938,0,0,0,TRUE,"t"
"939",939,0,0,0,TRUE,"t"
"940",940,0,0,0,TRUE,"t"
"941",941,0,0,0,TRUE,"t"
"942",942,0,0,0,TRUE,"t"
"943",943,0,0,0,TRUE,"t"
"944",944,0,0,0,TRUE,"t"
"945",945,0,0,0,TRUE,"t"
"946",946,0,0,0,TRUE,"t"
"947",947,0,0,0,TRUE,"t"
"948",948,0,0,0,TRUE,"t"
"949",949,0,0,0,TRUE,"t"
"950",950,0,0,0,TRUE,"t"
"951",951,0,0,0,TRUE,"t"
"952",952,0,0,0,TRUE,"t"
"953",953,0,0,0,TRUE,"t"
"954",954,0,0,0,TRUE,"t"
"955",955,0,0,0,TRUE,"t"
"956",956,0,0,0,TRUE,"t"
"957",957,0,0,0,TRUE,"t"
"958",958,0,0,0,TRUE,"t"
"959",959,0,0,0,TRUE,"t"
"960",960,0,0,0,TRUE,"t"
"961",961,0,0,0,TRUE,"t"
"962",962,0,0,0,TRUE,"t"
"963",963,0,0,0,TRUE,"t"
"964",964,0,0,0,TRUE,"t"
"965",965,0,0,0,TRUE,"t"
"966",966,0,0,0,TRUE,"t"
"967",967,0,0,0,TRUE,"t"
"968",968,0,0,0,TRUE,"t"
"969",969,0,0,0,TRUE,"t"
"970",970,0,0,0,TRUE,"t"
"971",971,0,0,0,TRUE,"t"
"972",972,0,0,0,TRUE,"t"
"973",973,0,0,0,TRUE,"t"
"974",974,0,0,0,TRUE,"t"
"975",975,0,0,0,TRUE,"t"
"976",976,0,0,0,TRUE,"t"
"977",977,0,0,0,TRUE,"t"
"978",978,0,0,0,TRUE,"t"
"979",979,0,0,0,TRUE,"t"
"980",980,0,0,0,TRUE,"t"
"981",981,0,0,0,TRUE,"t"
"982",982,0,0,0,TRUE,"t"
"983",983,0,0,0,TRUE,"t"
"984",984,0,0,0,TRUE,"t"
"985",985,0,0,0,TRUE,"t"
"986",986,0,0,0,TRUE,"t"
"987",987,0,0,0,TRUE,"t"
"988",988,0,0,0,TRUE,"t"
"989",989,0,0,0,TRUE,"t"
"990",990,0,0,0,TRUE,"t"
"991",991,0,0,0,TRUE,"t"
"992",992,0,0,0,TRUE,"t"
"993",993,0,0,0,TRUE,"t"
"994",994,0,0,0,TRUE,"t"
"995",995,0,0,0,TRUE,"t"
"996",996,0,0,0,TRUE,"t"
"997",997,0,0,0,TRUE,"t"
"998",998,0,0,0,TRUE,"t"
"999",999,0,0,0,TRUE,"t"
"1000",1000,0,0,0,TRUE,"t"
"1001",1,0,0,0,TRUE,"maxt"
"1002",2,0,0,0,TRUE,"maxt"
"1003",3,0,0,0,TRUE,"maxt"
"1004",4,0,0,0,TRUE,"maxt"
"1005",5,0,0,0,TRUE,"maxt"
"1006",6,0,0,0,TRUE,"maxt"
"1007",7,0,0,0,TRUE,"maxt"
"1008",8,0,0,0,TRUE,"maxt"
"1009",9,0,0,0,TRUE,"maxt"
"1010",10,0,0,0,TRUE,"maxt"
"1011",11,0,0,0,TRUE,"maxt"
"1012",12,0,0,0,TRUE,"maxt"
"1013",13,0,0,0,TRUE,"maxt"
"1014",14,0,0,0,TRUE,"maxt"
"1015",15,0,0,0,TRUE,"maxt"
"1016",16,0,0,0,TRUE,"maxt"
"1017",17,0,0,0,TRUE,"maxt"
"1018",18,0,0,0,TRUE,"maxt"
"1019",19,0,0,0,TRUE,"maxt"
"1020",20,0,0,0,TRUE,"maxt"
"1021",21,0,0,0,TRUE,"maxt"
"1022",22,0,0,0,TRUE,"maxt"
"1023",23,0,0,0,TRUE,"maxt"
"1024",24,0,0,0,TRUE,"maxt"
"1025",25,0,0,0,TRUE,"maxt"
"1026",26,0,0,0,TRUE,"maxt"
"1027",27,0,0,0,TRUE,"maxt"
"1028",28,0,0,0,TRUE,"maxt"
"1029",29,0,0,0,TRUE,"maxt"
"1030",30,0,0,0,TRUE,"maxt"
"1031",31,0,0,0,TRUE,"maxt"
"1032",32,0,0,0,TRUE,"maxt"
"1033",33,0,0,0,TRUE,"maxt"
"1034",34,0,0,0,TRUE,"maxt"
"1035",35,0,0,0,TRUE,"maxt"
"1036",36,0,0,0,TRUE,"maxt"
"1037",37,0,0,0,TRUE,"maxt"
"1038",38,0,0,0,TRUE,"maxt"
"1039",39,0,0,0,TRUE,"maxt"
"1040",40,0,0,0,TRUE,"maxt"
"1041",41,0,0,0,TRUE,"maxt"
"1042",42,0,0,0,TRUE,"maxt"
"1043",43,0,0,0,TRUE,"maxt"
"1044",44,0,0,0,TRUE,"maxt"
"1045",45,0,0,0,TRUE,"maxt"
"1046",46,0,0,0,TRUE,"maxt"
"1047",47,0,0,0,TRUE,"maxt"
"1048",48,0,0,0,TRUE,"maxt"
"1049",49,0,0,0,TRUE,"maxt"
"1050",50,0,0,0,TRUE,"maxt"
"1051",51,0,0,0,TRUE,"maxt"
"1052",52,0,0,0,TRUE,"maxt"
"1053",53,0,0,0,TRUE,"maxt"
"1054",54,0,0,0,TRUE,"maxt"
"1055",55,0,0,0,TRUE,"maxt"
"1056",56,0,0,0,TRUE,"maxt"
"1057",57,0,0,0,TRUE,"maxt"
"1058",58,0,0,0,TRUE,"maxt"
"1059",59,0,0,0,TRUE,"maxt"
"1060",60,0,0,0,TRUE,"maxt"
"1061",61,0,0,0,TRUE,"maxt"
"1062",62,0,0,0,TRUE,"maxt"
"1063",63,0,0,0,TRUE,"maxt"
"1064",64,0,0,0,TRUE,"maxt"
"1065",65,0,0,0,TRUE,"maxt"
"1066",66,0,0,0,TRUE,"maxt"
"1067",67,0,0,0,TRUE,"maxt"
"1068",68,0,0,0,TRUE,"maxt"
"1069",69,0,0,0,TRUE,"maxt"
"1070",70,0,0,0,TRUE,"maxt"
"1071",71,0,0,0,TRUE,"maxt"
"1072",72,0,0,0,TRUE,"maxt"
"1073",73,0,0,0,TRUE,"maxt"
"1074",74,0,0,0,TRUE,"maxt"
"1075",75,0,0,0,TRUE,"maxt"
"1076",76,0,0,0,TRUE,"maxt"
"1077",77,0,0,0,TRUE,"maxt"
"1078",78,0,0,0,TRUE,"maxt"
"1079",79,0,0,0,TRUE,"maxt"
"1080",80,0,0,0,TRUE,"maxt"
"1081",81,0,0,0,TRUE,"maxt"
"1082",82,0,0,0,TRUE,"maxt"
"1083",83,0,0,0,TRUE,"maxt"
"1084",84,0,0,0,TRUE,"maxt"
"1085",85,0,0,0,TRUE,"maxt"
"1086",86,0,0,0,TRUE,"maxt"
"1087",87,0,0,0,TRUE,"maxt"
"1088",88,0,0,0,TRUE,"maxt"
"1089",89,0,0,0,TRUE,"maxt"
"1090",90,0,0,0,TRUE,"maxt"
"1091",91,0,0,0,TRUE,"maxt"
"1092",92,0,0,0,TRUE,"maxt"
"1093",93,0,0,0,TRUE,"maxt"
"1094",94,0,0,0,TRUE,"maxt"
"1095",95,0,0,0,TRUE,"maxt"
"1096",96,0,0,0,TRUE,"maxt"
"1097",97,0,0,0,TRUE,"maxt"
"1098",98,0,0,0,TRUE,"maxt"
"1099",99,0,0,0,TRUE,"maxt"
"1100",100,0,0,0,TRUE,"maxt"
"1101",101,0,0,0,TRUE,"maxt"
"1102",102,0,0,0,TRUE,"maxt"
"1103",103,0,0,0,TRUE,"maxt"
"1104",104,0,0,0,TRUE,"maxt"
"1105",105,0,0,0,TRUE,"maxt"
"1106",106,0,0,0,TRUE,"maxt"
"1107",107,0,0,0,TRUE,"maxt"
"1108",108,0,0,0,TRUE,"maxt"
"1109",109,0,0,0,TRUE,"maxt"
"1110",110,0,0,0,TRUE,"maxt"
"1111",111,0,0,0,TRUE,"maxt"
"1112",112,0,0,0,TRUE,"maxt"
"1113",113,0,0,0,TRUE,"maxt"
"1114",114,0,0,0,TRUE,"maxt"
"1115",115,0,0,0,TRUE,"maxt"
"1116",116,0,0,0,TRUE,"maxt"
"1117",117,0,0,0,TRUE,"maxt"
"1118",118,0,0,0,TRUE,"maxt"
"1119",119,0,0,0,TRUE,"maxt"
"1120",120,0,0,0,TRUE,"maxt"
"1121",121,0,0,0,TRUE,"maxt"
"1122",122,0,0,0,TRUE,"maxt"
"1123",123,0,0,0,TRUE,"maxt"
"1124",124,0,0,0,TRUE,"maxt"
"1125",125,0,0,0,TRUE,"maxt"
"1126",126,0,0,0,TRUE,"maxt"
"1127",127,0,0,0,TRUE,"maxt"
"1128",128,0,0,0,TRUE,"maxt"
"1129",129,0,0,0,TRUE,"maxt"
"1130",130,0,0,0,TRUE,"maxt"
"1131",131,0,0,0,TRUE,"maxt"
"1132",132,0,0,0,TRUE,"maxt"
"1133",133,0,0,0,TRUE,"maxt"
"1134",134,0,0,0,TRUE,"maxt"
"1135",135,0,0,0,TRUE,"maxt"
"1136",136,0,0,0,TRUE,"maxt"
"1137",137,0,0,0,TRUE,"maxt"
"1138",138,0,0,0,TRUE,"maxt"
"1139",139,0,0,0,TRUE,"maxt"
"1140",140,0,0,0,TRUE,"maxt"
"1141",141,0,0,0,TRUE,"maxt"
"1142",142,0,0,0,TRUE,"maxt"
"1143",143,0,0,0,TRUE,"maxt"
"1144",144,0,0,0,TRUE,"maxt"
"1145",145,0,0,0,TRUE,"maxt"
"1146",146,0,0,0,TRUE,"maxt"
"1147",147,0,0,0,TRUE,"maxt"
"1148",148,0,0,0,TRUE,"maxt"
"1149",149,0,0,0,TRUE,"maxt"
"1150",150,0,0,0,TRUE,"maxt"
"1151",151,0,0,0,TRUE,"maxt"
"1152",152,0,0,0,TRUE,"maxt"
"1153",153,0,0,0,TRUE,"maxt"
"1154",154,0,0,0,TRUE,"maxt"
"1155",155,0,0,0,TRUE,"maxt"
"1156",156,0,0,0,TRUE,"maxt"
"1157",157,0,0,0,TRUE,"maxt"
"1158",158,0,0,0,TRUE,"maxt"
"1159",159,0,0,0,TRUE,"maxt"
"1160",160,0,0,0,TRUE,"maxt"
"1161",161,0,0,0,TRUE,"maxt"
"1162",162,0,0,0,TRUE,"maxt"
"1163",163,0,0,0,TRUE,"maxt"
"1164",164,0,0,0,TRUE,"maxt"
"1165",165,0,0,0,TRUE,"maxt"
"1166",166,0,0,0,TRUE,"maxt"
"1167",167,0,0,0,TRUE,"maxt"
"1168",168,0,0,0,TRUE,"maxt"
"1169",169,0,0,0,TRUE,"maxt"
"1170",170,0,0,0,TRUE,"maxt"
"1171",171,0,0,0,TRUE,"maxt"
"1172",172,0,0,0,TRUE,"maxt"
"1173",173,0,0,0,TRUE,"maxt"
"1174",174,0,0,0,TRUE,"maxt"
"1175",175,0,0,0,TRUE,"maxt"
"1176",176,0,0,0,TRUE,"maxt"
"1177",177,0,0,0,TRUE,"maxt"
"1178",178,0,0,0,TRUE,"maxt"
"1179",179,0,0,0,TRUE,"maxt"
"1180",180,0,0,0,TRUE,"maxt"
"1181",181,0,0,0,TRUE,"maxt"
"1182",182,0,0,0,TRUE,"maxt"
"1183",183,0,0,0,TRUE,"maxt"
"1184",184,0,0,0,TRUE,"maxt"
"1185",185,0,0,0,TRUE,"maxt"
"1186",186,0,0,0,TRUE,"maxt"
"1187",187,0,0,0,TRUE,"maxt"
"1188",188,0,0,0,TRUE,"maxt"
"1189",189,0,0,0,TRUE,"maxt"
"1190",190,0,0,0,TRUE,"maxt"
"1191",191,0,0,0,TRUE,"maxt"
"1192",192,0,0,0,TRUE,"maxt"
"1193",193,0,0,0,TRUE,"maxt"
"1194",194,0,0,0,TRUE,"maxt"
"1195",195,0,0,0,TRUE,"maxt"
"1196",196,0,0,0,TRUE,"maxt"
"1197",197,0,0,0,TRUE,"maxt"
"1198",198,0,0,0,TRUE,"maxt"
"1199",199,0,0,0,TRUE,"maxt"
"1200",200,0,0,0,TRUE,"maxt"
"1201",201,0,0,0,TRUE,"maxt"
"1202",202,0,0,0,TRUE,"maxt"
"1203",203,0,0,0,TRUE,"maxt"
"1204",204,0,0,0,TRUE,"maxt"
"1205",205,0,0,0,TRUE,"maxt"
"1206",206,0,0,0,TRUE,"maxt"
"1207",207,0,0,0,TRUE,"maxt"
"1208",208,0,0,0,TRUE,"maxt"
"1209",209,0,0,0,TRUE,"maxt"
"1210",210,0,0,0,TRUE,"maxt"
"1211",211,0,0,0,TRUE,"maxt"
"1212",212,0,0,0,TRUE,"maxt"
"1213",213,0,0,0,TRUE,"maxt"
"1214",214,0,0,0,TRUE,"maxt"
"1215",215,0,0,0,TRUE,"maxt"
"1216",216,0,0,0,TRUE,"maxt"
"1217",217,0,0,0,TRUE,"maxt"
"1218",218,0,0,0,TRUE,"maxt"
"1219",219,0,0,0,TRUE,"maxt"
"1220",220,0,0,0,TRUE,"maxt"
"1221",221,0,0,0,TRUE,"maxt"
"1222",222,0,0,0,TRUE,"maxt"
"1223",223,0,0,0,TRUE,"maxt"
"1224",224,0,0,0,TRUE,"maxt"
"1225",225,0,0,0,TRUE,"maxt"
"1226",226,0,0,0,TRUE,"maxt"
"1227",227,0,0,0,TRUE,"maxt"
"1228",228,0,0,0,TRUE,"maxt"
"1229",229,0,0,0,TRUE,"maxt"
"1230",230,0,0,0,TRUE,"maxt"
"1231",231,0,0,0,TRUE,"maxt"
"1232",232,0,0,0,TRUE,"maxt"
"1233",233,0,0,0,TRUE,"maxt"
"1234",234,0,0,0,TRUE,"maxt"
"1235",235,0,0,0,TRUE,"maxt"
"1236",236,0,0,0,TRUE,"maxt"
"1237",237,0,0,0,TRUE,"maxt"
"1238",238,0,0,0,TRUE,"maxt"
"1239",239,0,0,0,TRUE,"maxt"
"1240",240,0,0,0,TRUE,"maxt"
"1241",241,0,0,0,TRUE,"maxt"
"1242",242,0,0,0,TRUE,"maxt"
"1243",243,0,0,0,TRUE,"maxt"
"1244",244,0,0,0,TRUE,"maxt"
"1245",245,0,0,0,TRUE,"maxt"
"1246",246,0,0,0,TRUE,"maxt"
"1247",247,0,0,0,TRUE,"maxt"
"1248",248,0,0,0,TRUE,"maxt"
"1249",249,0,0,0,TRUE,"maxt"
"1250",250,0,0,0,TRUE,"maxt"
"1251",251,0,0,0,TRUE,"maxt"
"1252",252,0,0,0,TRUE,"maxt"
"1253",253,0,0,0,TRUE,"maxt"
"1254",254,0,0,0,TRUE,"maxt"
"1255",255,0,0,0,TRUE,"maxt"
"1256",256,0,0,0,TRUE,"maxt"
"1257",257,0,0,0,TRUE,"maxt"
"1258",258,0,0,0,TRUE,"maxt"
"1259",259,0,0,0,TRUE,"maxt"
"1260",260,0,0,0,TRUE,"maxt"
"1261",261,0,0,0,TRUE,"maxt"
"1262",262,0,0,0,TRUE,"maxt"
"1263",263,0,0,0,TRUE,"maxt"
"1264",264,0,0,0,TRUE,"maxt"
"1265",265,0,0,0,TRUE,"maxt"
"1266",266,0,0,0,TRUE,"maxt"
"1267",267,0,0,0,TRUE,"maxt"
"1268",268,0,0,0,TRUE,"maxt"
"1269",269,0,0,0,TRUE,"maxt"
"1270",270,0,0,0,TRUE,"maxt"
"1271",271,0,0,0,TRUE,"maxt"
"1272",272,0,0,0,TRUE,"maxt"
"1273",273,0,0,0,TRUE,"maxt"
"1274",274,0,0,0,TRUE,"maxt"
"1275",275,0,0,0,TRUE,"maxt"
"1276",276,0,0,0,TRUE,"maxt"
"1277",277,0,0,0,TRUE,"maxt"
"1278",278,0,0,0,TRUE,"maxt"
"1279",279,0,0,0,TRUE,"maxt"
"1280",280,0,0,0,TRUE,"maxt"
"1281",281,0,0,0,TRUE,"maxt"
"1282",282,0,0,0,TRUE,"maxt"
"1283",283,0,0,0,TRUE,"maxt"
"1284",284,0,0,0,TRUE,"maxt"
"1285",285,0,0,0,TRUE,"maxt"
"1286",286,0,0,0,TRUE,"maxt"
"1287",287,0,0,0,TRUE,"maxt"
"1288",288,0,0,0,TRUE,"maxt"
"1289",289,0,0,0,TRUE,"maxt"
"1290",290,0,0,0,TRUE,"maxt"
"1291",291,0,0,0,TRUE,"maxt"
"1292",292,0,0,0,TRUE,"maxt"
"1293",293,0,0,0,TRUE,"maxt"
"1294",294,0,0,0,TRUE,"maxt"
"1295",295,0,0,0,TRUE,"maxt"
"1296",296,0,0,0,TRUE,"maxt"
"1297",297,0,0,0,TRUE,"maxt"
"1298",298,0,0,0,TRUE,"maxt"
"1299",299,0,0,0,TRUE,"maxt"
"1300",300,0,0,0,TRUE,"maxt"
"1301",301,0,0,0,TRUE,"maxt"
"1302",302,0,0,0,TRUE,"maxt"
"1303",303,0,0,0,TRUE,"maxt"
"1304",304,0,0,0,TRUE,"maxt"
"1305",305,0,0,0,TRUE,"maxt"
"1306",306,0,0,0,TRUE,"maxt"
"1307",307,0,0,0,TRUE,"maxt"
"1308",308,0,0,0,TRUE,"maxt"
"1309",309,0,0,0,TRUE,"maxt"
"1310",310,0,0,0,TRUE,"maxt"
"1311",311,0,0,0,TRUE,"maxt"
"1312",312,0,0,0,TRUE,"maxt"
"1313",313,0,0,0,TRUE,"maxt"
"1314",314,0,0,0,TRUE,"maxt"
"1315",315,0,0,0,TRUE,"maxt"
"1316",316,0,0,0,TRUE,"maxt"
"1317",317,0,0,0,TRUE,"maxt"
"1318",318,0,0,0,TRUE,"maxt"
"1319",319,0,0,0,TRUE,"maxt"
"1320",320,0,0,0,TRUE,"maxt"
"1321",321,0,0,0,TRUE,"maxt"
"1322",322,0,0,0,TRUE,"maxt"
"1323",323,0,0,0,TRUE,"maxt"
"1324",324,0,0,0,TRUE,"maxt"
"1325",325,0,0,0,TRUE,"maxt"
"1326",326,0,0,0,TRUE,"maxt"
"1327",327,0,0,0,TRUE,"maxt"
"1328",328,0,0,0,TRUE,"maxt"
"1329",329,0,0,0,TRUE,"maxt"
"1330",330,0,0,0,TRUE,"maxt"
"1331",331,0,0,0,TRUE,"maxt"
"1332",332,0,0,0,TRUE,"maxt"
"1333",333,0,0,0,TRUE,"maxt"
"1334",334,0,0,0,TRUE,"maxt"
"1335",335,0,0,0,TRUE,"maxt"
"1336",336,0,0,0,TRUE,"maxt"
"1337",337,0,0,0,TRUE,"maxt"
"1338",338,0,0,0,TRUE,"maxt"
"1339",339,0,0,0,TRUE,"maxt"
"1340",340,0,0,0,TRUE,"maxt"
"1341",341,0,0,0,TRUE,"maxt"
"1342",342,0,0,0,TRUE,"maxt"
"1343",343,0,0,0,TRUE,"maxt"
"1344",344,0,0,0,TRUE,"maxt"
"1345",345,0,0,0,TRUE,"maxt"
"1346",346,0,0,0,TRUE,"maxt"
"1347",347,0,0,0,TRUE,"maxt"
"1348",348,0,0,0,TRUE,"maxt"
"1349",349,0,0,0,TRUE,"maxt"
"1350",350,0,0,0,TRUE,"maxt"
"1351",351,0,0,0,TRUE,"maxt"
"1352",352,0,0,0,TRUE,"maxt"
"1353",353,0,0,0,TRUE,"maxt"
"1354",354,0,0,0,TRUE,"maxt"
"1355",355,0,0,0,TRUE,"maxt"
"1356",356,0,0,0,TRUE,"maxt"
"1357",357,0,0,0,TRUE,"maxt"
"1358",358,0,0,0,TRUE,"maxt"
"1359",359,0,0,0,TRUE,"maxt"
"1360",360,0,0,0,TRUE,"maxt"
"1361",361,0,0,0,TRUE,"maxt"
"1362",362,0,0,0,TRUE,"maxt"
"1363",363,0,0,0,TRUE,"maxt"
"1364",364,0,0,0,TRUE,"maxt"
"1365",365,0,0,0,TRUE,"maxt"
"1366",366,0,0,0,TRUE,"maxt"
"1367",367,0,0,0,TRUE,"maxt"
"1368",368,0,0,0,TRUE,"maxt"
"1369",369,0,0,0,TRUE,"maxt"
"1370",370,0,0,0,TRUE,"maxt"
"1371",371,0,0,0,TRUE,"maxt"
"1372",372,0,0,0,TRUE,"maxt"
"1373",373,0,0,0,TRUE,"maxt"
"1374",374,0,0,0,TRUE,"maxt"
"1375",375,0,0,0,TRUE,"maxt"
"1376",376,0,0,0,TRUE,"maxt"
"1377",377,0,0,0,TRUE,"maxt"
"1378",378,0,0,0,TRUE,"maxt"
"1379",379,0,0,0,TRUE,"maxt"
"1380",380,0,0,0,TRUE,"maxt"
"1381",381,0,0,0,TRUE,"maxt"
"1382",382,0,0,0,TRUE,"maxt"
"1383",383,0,0,0,TRUE,"maxt"
"1384",384,0,0,0,TRUE,"maxt"
"1385",385,0,0,0,TRUE,"maxt"
"1386",386,0,0,0,TRUE,"maxt"
"1387",387,0,0,0,TRUE,"maxt"
"1388",388,0,0,0,TRUE,"maxt"
"1389",389,0,0,0,TRUE,"maxt"
"1390",390,0,0,0,TRUE,"maxt"
"1391",391,0,0,0,TRUE,"maxt"
"1392",392,0,0,0,TRUE,"maxt"
"1393",393,0,0,0,TRUE,"maxt"
"1394",394,0,0,0,TRUE,"maxt"
"1395",395,0,0,0,TRUE,"maxt"
"1396",396,0,0,0,TRUE,"maxt"
"1397",397,0,0,0,TRUE,"maxt"
"1398",398,0,0,0,TRUE,"maxt"
"1399",399,0,0,0,TRUE,"maxt"
"1400",400,0,0,0,TRUE,"maxt"
"1401",401,0,0,0,TRUE,"maxt"
"1402",402,0,0,0,TRUE,"maxt"
"1403",403,0,0,0,TRUE,"maxt"
"1404",404,0,0,0,TRUE,"maxt"
"1405",405,0,0,0,TRUE,"maxt"
"1406",406,0,0,0,TRUE,"maxt"
"1407",407,0,0,0,TRUE,"maxt"
"1408",408,0,0,0,TRUE,"maxt"
"1409",409,0,0,0,TRUE,"maxt"
"1410",410,0,0,0,TRUE,"maxt"
"1411",411,0,0,0,TRUE,"maxt"
"1412",412,0,0,0,TRUE,"maxt"
"1413",413,0,0,0,TRUE,"maxt"
"1414",414,0,0,0,TRUE,"maxt"
"1415",415,0,0,0,TRUE,"maxt"
"1416",416,0,0,0,TRUE,"maxt"
"1417",417,0,0,0,TRUE,"maxt"
"1418",418,0,0,0,TRUE,"maxt"
"1419",419,0,0,0,TRUE,"maxt"
"1420",420,0,0,0,TRUE,"maxt"
"1421",421,0,0,0,TRUE,"maxt"
"1422",422,0,0,0,TRUE,"maxt"
"1423",423,0,0,0,TRUE,"maxt"
"1424",424,0,0,0,TRUE,"maxt"
"1425",425,0,0,0,TRUE,"maxt"
"1426",426,0,0,0,TRUE,"maxt"
"1427",427,0,0,0,TRUE,"maxt"
"1428",428,0,0,0,TRUE,"maxt"
"1429",429,0,0,0,TRUE,"maxt"
"1430",430,0,0,0,TRUE,"maxt"
"1431",431,0,0,0,TRUE,"maxt"
"1432",432,0,0,0,TRUE,"maxt"
"1433",433,0,0,0,TRUE,"maxt"
"1434",434,0,0,0,TRUE,"maxt"
"1435",435,0,0,0,TRUE,"maxt"
"1436",436,0,0,0,TRUE,"maxt"
"1437",437,0,0,0,TRUE,"maxt"
"1438",438,0,0,0,TRUE,"maxt"
"1439",439,0,0,0,TRUE,"maxt"
"1440",440,0,0,0,TRUE,"maxt"
"1441",441,0,0,0,TRUE,"maxt"
"1442",442,0,0,0,TRUE,"maxt"
"1443",443,0,0,0,TRUE,"maxt"
"1444",444,0,0,0,TRUE,"maxt"
"1445",445,0,0,0,TRUE,"maxt"
"1446",446,0,0,0,TRUE,"maxt"
"1447",447,0,0,0,TRUE,"maxt"
"1448",448,0,0,0,TRUE,"maxt"
"1449",449,0,0,0,TRUE,"maxt"
"1450",450,0,0,0,TRUE,"maxt"
"1451",451,0,0,0,TRUE,"maxt"
"1452",452,0,0,0,TRUE,"maxt"
"1453",453,0,0,0,TRUE,"maxt"
"1454",454,0,0,0,TRUE,"maxt"
"1455",455,0,0,0,TRUE,"maxt"
"1456",456,0,0,0,TRUE,"maxt"
"1457",457,0,0,0,TRUE,"maxt"
"1458",458,0,0,0,TRUE,"maxt"
"1459",459,0,0,0,TRUE,"maxt"
"1460",460,0,0,0,TRUE,"maxt"
"1461",461,0,0,0,TRUE,"maxt"
"1462",462,0,0,0,TRUE,"maxt"
"1463",463,0,0,0,TRUE,"maxt"
"1464",464,0,0,0,TRUE,"maxt"
"1465",465,0,0,0,TRUE,"maxt"
"1466",466,0,0,0,TRUE,"maxt"
"1467",467,0,0,0,TRUE,"maxt"
"1468",468,0,0,0,TRUE,"maxt"
"1469",469,0,0,0,TRUE,"maxt"
"1470",470,0,0,0,TRUE,"maxt"
"1471",471,0,0,0,TRUE,"maxt"
"1472",472,0,0,0,TRUE,"maxt"
"1473",473,0,0,0,TRUE,"maxt"
"1474",474,0,0,0,TRUE,"maxt"
"1475",475,0,0,0,TRUE,"maxt"
"1476",476,0,0,0,TRUE,"maxt"
"1477",477,0,0,0,TRUE,"maxt"
"1478",478,0,0,0,TRUE,"maxt"
"1479",479,0,0,0,TRUE,"maxt"
"1480",480,0,0,0,TRUE,"maxt"
"1481",481,0,0,0,TRUE,"maxt"
"1482",482,0,0,0,TRUE,"maxt"
"1483",483,0,0,0,TRUE,"maxt"
"1484",484,0,0,0,TRUE,"maxt"
"1485",485,0,0,0,TRUE,"maxt"
"1486",486,0,0,0,TRUE,"maxt"
"1487",487,0,0,0,TRUE,"maxt"
"1488",488,0,0,0,TRUE,"maxt"
"1489",489,0,0,0,TRUE,"maxt"
"1490",490,0,0,0,TRUE,"maxt"
"1491",491,0,0,0,TRUE,"maxt"
"1492",492,0,0,0,TRUE,"maxt"
"1493",493,0,0,0,TRUE,"maxt"
"1494",494,0,0,0,TRUE,"maxt"
"1495",495,0,0,0,TRUE,"maxt"
"1496",496,0,0,0,TRUE,"maxt"
"1497",497,0,0,0,TRUE,"maxt"
"1498",498,0,0,0,TRUE,"maxt"
"1499",499,0,0,0,TRUE,"maxt"
"1500",500,0,0,0,TRUE,"maxt"
"1501",501,0,0,0,TRUE,"maxt"
"1502",502,0,0,0,TRUE,"maxt"
"1503",503,0,0,0,TRUE,"maxt"
"1504",504,0,0,0,TRUE,"maxt"
"1505",505,0,0,0,TRUE,"maxt"
"1506",506,0,0,0,TRUE,"maxt"
"1507",507,0,0,0,TRUE,"maxt"
"1508",508,0,0,0,TRUE,"maxt"
"1509",509,0,0,0,TRUE,"maxt"
"1510",510,0,0,0,TRUE,"maxt"
"1511",511,0,0,0,TRUE,"maxt"
"1512",512,0,0,0,TRUE,"maxt"
"1513",513,0,0,0,TRUE,"maxt"
"1514",514,0,0,0,TRUE,"maxt"
"1515",515,0,0,0,TRUE,"maxt"
"1516",516,0,0,0,TRUE,"maxt"
"1517",517,0,0,0,TRUE,"maxt"
"1518",518,0,0,0,TRUE,"maxt"
"1519",519,0,0,0,TRUE,"maxt"
"1520",520,0,0,0,TRUE,"maxt"
"1521",521,0,0,0,TRUE,"maxt"
"1522",522,0,0,0,TRUE,"maxt"
"1523",523,0,0,0,TRUE,"maxt"
"1524",524,0,0,0,TRUE,"maxt"
"1525",525,0,0,0,TRUE,"maxt"
"1526",526,0,0,0,TRUE,"maxt"
"1527",527,0,0,0,TRUE,"maxt"
"1528",528,0,0,0,TRUE,"maxt"
"1529",529,0,0,0,TRUE,"maxt"
"1530",530,0,0,0,TRUE,"maxt"
"1531",531,0,0,0,TRUE,"maxt"
"1532",532,0,0,0,TRUE,"maxt"
"1533",533,0,0,0,TRUE,"maxt"
"1534",534,0,0,0,TRUE,"maxt"
"1535",535,0,0,0,TRUE,"maxt"
"1536",536,0,0,0,TRUE,"maxt"
"1537",537,0,0,0,TRUE,"maxt"
"1538",538,0,0,0,TRUE,"maxt"
"1539",539,0,0,0,TRUE,"maxt"
"1540",540,0,0,0,TRUE,"maxt"
"1541",541,0,0,0,TRUE,"maxt"
"1542",542,0,0,0,TRUE,"maxt"
"1543",543,0,0,0,TRUE,"maxt"
"1544",544,0,0,0,TRUE,"maxt"
"1545",545,0,0,0,TRUE,"maxt"
"1546",546,0,0,0,TRUE,"maxt"
"1547",547,0,0,0,TRUE,"maxt"
"1548",548,0,0,0,TRUE,"maxt"
"1549",549,0,0,0,TRUE,"maxt"
"1550",550,0,0,0,TRUE,"maxt"
"1551",551,0,0,0,TRUE,"maxt"
"1552",552,0,0,0,TRUE,"maxt"
"1553",553,0,0,0,TRUE,"maxt"
"1554",554,0,0,0,TRUE,"maxt"
"1555",555,0,0,0,TRUE,"maxt"
"1556",556,0,0,0,TRUE,"maxt"
"1557",557,0,0,0,TRUE,"maxt"
"1558",558,0,0,0,TRUE,"maxt"
"1559",559,0,0,0,TRUE,"maxt"
"1560",560,0,0,0,TRUE,"maxt"
"1561",561,0,0,0,TRUE,"maxt"
"1562",562,0,0,0,TRUE,"maxt"
"1563",563,0,0,0,TRUE,"maxt"
"1564",564,0,0,0,TRUE,"maxt"
"1565",565,0,0,0,TRUE,"maxt"
"1566",566,0,0,0,TRUE,"maxt"
"1567",567,0,0,0,TRUE,"maxt"
"1568",568,0,0,0,TRUE,"maxt"
"1569",569,0,0,0,TRUE,"maxt"
"1570",570,0,0,0,TRUE,"maxt"
"1571",571,0,0,0,TRUE,"maxt"
"1572",572,0,0,0,TRUE,"maxt"
"1573",573,0,0,0,TRUE,"maxt"
"1574",574,0,0,0,TRUE,"maxt"
"1575",575,0,0,0,TRUE,"maxt"
"1576",576,0,0,0,TRUE,"maxt"
"1577",577,0,0,0,TRUE,"maxt"
"1578",578,0,0,0,TRUE,"maxt"
"1579",579,0,0,0,TRUE,"maxt"
"1580",580,0,0,0,TRUE,"maxt"
"1581",581,0,0,0,TRUE,"maxt"
"1582",582,0,0,0,TRUE,"maxt"
"1583",583,0,0,0,TRUE,"maxt"
"1584",584,0,0,0,TRUE,"maxt"
"1585",585,0,0,0,TRUE,"maxt"
"1586",586,0,0,0,TRUE,"maxt"
"1587",587,0,0,0,TRUE,"maxt"
"1588",588,0,0,0,TRUE,"maxt"
"1589",589,0,0,0,TRUE,"maxt"
"1590",590,0,0,0,TRUE,"maxt"
"1591",591,0,0,0,TRUE,"maxt"
"1592",592,0,0,0,TRUE,"maxt"
"1593",593,0,0,0,TRUE,"maxt"
"1594",594,0,0,0,TRUE,"maxt"
"1595",595,0,0,0,TRUE,"maxt"
"1596",596,0,0,0,TRUE,"maxt"
"1597",597,0,0,0,TRUE,"maxt"
"1598",598,0,0,0,TRUE,"maxt"
"1599",599,0,0,0,TRUE,"maxt"
"1600",600,0,0,0,TRUE,"maxt"
"1601",601,0,0,0,TRUE,"maxt"
"1602",602,0,0,0,TRUE,"maxt"
"1603",603,0,0,0,TRUE,"maxt"
"1604",604,0,0,0,TRUE,"maxt"
"1605",605,0,0,0,TRUE,"maxt"
"1606",606,0,0,0,TRUE,"maxt"
"1607",607,0,0,0,TRUE,"maxt"
"1608",608,0,0,0,TRUE,"maxt"
"1609",609,0,0,0,TRUE,"maxt"
"1610",610,0,0,0,TRUE,"maxt"
"1611",611,0,0,0,TRUE,"maxt"
"1612",612,0,0,0,TRUE,"maxt"
"1613",613,0,0,0,TRUE,"maxt"
"1614",614,0,0,0,TRUE,"maxt"
"1615",615,0,0,0,TRUE,"maxt"
"1616",616,0,0,0,TRUE,"maxt"
"1617",617,0,0,0,TRUE,"maxt"
"1618",618,0,0,0,TRUE,"maxt"
"1619",619,0,0,0,TRUE,"maxt"
"1620",620,0,0,0,TRUE,"maxt"
"1621",621,0,0,0,TRUE,"maxt"
"1622",622,0,0,0,TRUE,"maxt"
"1623",623,0,0,0,TRUE,"maxt"
"1624",624,0,0,0,TRUE,"maxt"
"1625",625,0,0,0,TRUE,"maxt"
"1626",626,0,0,0,TRUE,"maxt"
"1627",627,0,0,0,TRUE,"maxt"
"1628",628,0,0,0,TRUE,"maxt"
"1629",629,0,0,0,TRUE,"maxt"
"1630",630,0,0,0,TRUE,"maxt"
"1631",631,0,0,0,TRUE,"maxt"
"1632",632,0,0,0,TRUE,"maxt"
"1633",633,0,0,0,TRUE,"maxt"
"1634",634,0,0,0,TRUE,"maxt"
"1635",635,0,0,0,TRUE,"maxt"
"1636",636,0,0,0,TRUE,"maxt"
"1637",637,0,0,0,TRUE,"maxt"
"1638",638,0,0,0,TRUE,"maxt"
"1639",639,0,0,0,TRUE,"maxt"
"1640",640,0,0,0,TRUE,"maxt"
"1641",641,0,0,0,TRUE,"maxt"
"1642",642,0,0,0,TRUE,"maxt"
"1643",643,0,0,0,TRUE,"maxt"
"1644",644,0,0,0,TRUE,"maxt"
"1645",645,0,0,0,TRUE,"maxt"
"1646",646,0,0,0,TRUE,"maxt"
"1647",647,0,0,0,TRUE,"maxt"
"1648",648,0,0,0,TRUE,"maxt"
"1649",649,0,0,0,TRUE,"maxt"
"1650",650,0,0,0,TRUE,"maxt"
"1651",651,0,0,0,TRUE,"maxt"
"1652",652,0,0,0,TRUE,"maxt"
"1653",653,0,0,0,TRUE,"maxt"
"1654",654,0,0,0,TRUE,"maxt"
"1655",655,0,0,0,TRUE,"maxt"
"1656",656,0,0,0,TRUE,"maxt"
"1657",657,0,0,0,TRUE,"maxt"
"1658",658,0,0,0,TRUE,"maxt"
"1659",659,0,0,0,TRUE,"maxt"
"1660",660,0,0,0,TRUE,"maxt"
"1661",661,0,0,0,TRUE,"maxt"
"1662",662,0,0,0,TRUE,"maxt"
"1663",663,0,0,0,TRUE,"maxt"
"1664",664,0,0,0,TRUE,"maxt"
"1665",665,0,0,0,TRUE,"maxt"
"1666",666,0,0,0,TRUE,"maxt"
"1667",667,0,0,0,TRUE,"maxt"
"1668",668,0,0,0,TRUE,"maxt"
"1669",669,0,0,0,TRUE,"maxt"
"1670",670,0,0,0,TRUE,"maxt"
"1671",671,0,0,0,TRUE,"maxt"
"1672",672,0,0,0,TRUE,"maxt"
"1673",673,0,0,0,TRUE,"maxt"
"1674",674,0,0,0,TRUE,"maxt"
"1675",675,0,0,0,TRUE,"maxt"
"1676",676,0,0,0,TRUE,"maxt"
"1677",677,0,0,0,TRUE,"maxt"
"1678",678,0,0,0,TRUE,"maxt"
"1679",679,0,0,0,TRUE,"maxt"
"1680",680,0,0,0,TRUE,"maxt"
"1681",681,0,0,0,TRUE,"maxt"
"1682",682,0,0,0,TRUE,"maxt"
"1683",683,0,0,0,TRUE,"maxt"
"1684",684,0,0,0,TRUE,"maxt"
"1685",685,0,0,0,TRUE,"maxt"
"1686",686,0,0,0,TRUE,"maxt"
"1687",687,0,0,0,TRUE,"maxt"
"1688",688,0,0,0,TRUE,"maxt"
"1689",689,0,0,0,TRUE,"maxt"
"1690",690,0,0,0,TRUE,"maxt"
"1691",691,0,0,0,TRUE,"maxt"
"1692",692,0,0,0,TRUE,"maxt"
"1693",693,0,0,0,TRUE,"maxt"
"1694",694,0,0,0,TRUE,"maxt"
"1695",695,0,0,0,TRUE,"maxt"
"1696",696,0,0,0,TRUE,"maxt"
"1697",697,0,0,0,TRUE,"maxt"
"1698",698,0,0,0,TRUE,"maxt"
"1699",699,0,0,0,TRUE,"maxt"
"1700",700,0,0,0,TRUE,"maxt"
"1701",701,0,0,0,TRUE,"maxt"
"1702",702,0,0,0,TRUE,"maxt"
"1703",703,0,0,0,TRUE,"maxt"
"1704",704,0,0,0,TRUE,"maxt"
"1705",705,0,0,0,TRUE,"maxt"
"1706",706,0,0,0,TRUE,"maxt"
"1707",707,0,0,0,TRUE,"maxt"
"1708",708,0,0,0,TRUE,"maxt"
"1709",709,0,0,0,TRUE,"maxt"
"1710",710,0,0,0,TRUE,"maxt"
"1711",711,0,0,0,TRUE,"maxt"
"1712",712,0,0,0,TRUE,"maxt"
"1713",713,0,0,0,TRUE,"maxt"
"1714",714,0,0,0,TRUE,"maxt"
"1715",715,0,0,0,TRUE,"maxt"
"1716",716,0,0,0,TRUE,"maxt"
"1717",717,0,0,0,TRUE,"maxt"
"1718",718,0,0,0,TRUE,"maxt"
"1719",719,0,0,0,TRUE,"maxt"
"1720",720,0,0,0,TRUE,"maxt"
"1721",721,0,0,0,TRUE,"maxt"
"1722",722,0,0,0,TRUE,"maxt"
"1723",723,0,0,0,TRUE,"maxt"
"1724",724,0,0,0,TRUE,"maxt"
"1725",725,0,0,0,TRUE,"maxt"
"1726",726,0,0,0,TRUE,"maxt"
"1727",727,0,0,0,TRUE,"maxt"
"1728",728,0,0,0,TRUE,"maxt"
"1729",729,0,0,0,TRUE,"maxt"
"1730",730,0,0,0,TRUE,"maxt"
"1731",731,0,0,0,TRUE,"maxt"
"1732",732,0,0,0,TRUE,"maxt"
"1733",733,0,0,0,TRUE,"maxt"
"1734",734,0,0,0,TRUE,"maxt"
"1735",735,0,0,0,TRUE,"maxt"
"1736",736,0,0,0,TRUE,"maxt"
"1737",737,0,0,0,TRUE,"maxt"
"1738",738,0,0,0,TRUE,"maxt"
"1739",739,0,0,0,TRUE,"maxt"
"1740",740,0,0,0,TRUE,"maxt"
"1741",741,0,0,0,TRUE,"maxt"
"1742",742,0,0,0,TRUE,"maxt"
"1743",743,0,0,0,TRUE,"maxt"
"1744",744,0,0,0,TRUE,"maxt"
"1745",745,0,0,0,TRUE,"maxt"
"1746",746,0,0,0,TRUE,"maxt"
"1747",747,0,0,0,TRUE,"maxt"
"1748",748,0,0,0,TRUE,"maxt"
"1749",749,0,0,0,TRUE,"maxt"
"1750",750,0,0,0,TRUE,"maxt"
"1751",751,0,0,0,TRUE,"maxt"
"1752",752,0,0,0,TRUE,"maxt"
"1753",753,0,0,0,TRUE,"maxt"
"1754",754,0,0,0,TRUE,"maxt"
"1755",755,0,0,0,TRUE,"maxt"
"1756",756,0,0,0,TRUE,"maxt"
"1757",757,0,0,0,TRUE,"maxt"
"1758",758,0,0,0,TRUE,"maxt"
"1759",759,0,0,0,TRUE,"maxt"
"1760",760,0,0,0,TRUE,"maxt"
"1761",761,0,0,0,TRUE,"maxt"
"1762",762,0,0,0,TRUE,"maxt"
"1763",763,0,0,0,TRUE,"maxt"
"1764",764,0,0,0,TRUE,"maxt"
"1765",765,0,0,0,TRUE,"maxt"
"1766",766,0,0,0,TRUE,"maxt"
"1767",767,0,0,0,TRUE,"maxt"
"1768",768,0,0,0,TRUE,"maxt"
"1769",769,0,0,0,TRUE,"maxt"
"1770",770,0,0,0,TRUE,"maxt"
"1771",771,0,0,0,TRUE,"maxt"
"1772",772,0,0,0,TRUE,"maxt"
"1773",773,0,0,0,TRUE,"maxt"
"1774",774,0,0,0,TRUE,"maxt"
"1775",775,0,0,0,TRUE,"maxt"
"1776",776,0,0,0,TRUE,"maxt"
"1777",777,0,0,0,TRUE,"maxt"
"1778",778,0,0,0,TRUE,"maxt"
"1779",779,0,0,0,TRUE,"maxt"
"1780",780,0,0,0,TRUE,"maxt"
"1781",781,0,0,0,TRUE,"maxt"
"1782",782,0,0,0,TRUE,"maxt"
"1783",783,0,0,0,TRUE,"maxt"
"1784",784,0,0,0,TRUE,"maxt"
"1785",785,0,0,0,TRUE,"maxt"
"1786",786,0,0,0,TRUE,"maxt"
"1787",787,0,0,0,TRUE,"maxt"
"1788",788,0,0,0,TRUE,"maxt"
"1789",789,0,0,0,TRUE,"maxt"
"1790",790,0,0,0,TRUE,"maxt"
"1791",791,0,0,0,TRUE,"maxt"
"1792",792,0,0,0,TRUE,"maxt"
"1793",793,0,0,0,TRUE,"maxt"
"1794",794,0,0,0,TRUE,"maxt"
"1795",795,0,0,0,TRUE,"maxt"
"1796",796,0,0,0,TRUE,"maxt"
"1797",797,0,0,0,TRUE,"maxt"
"1798",798,0,0,0,TRUE,"maxt"
"1799",799,0,0,0,TRUE,"maxt"
"1800",800,0,0,0,TRUE,"maxt"
"1801",801,0,0,0,TRUE,"maxt"
"1802",802,0,0,0,TRUE,"maxt"
"1803",803,0,0,0,TRUE,"maxt"
"1804",804,0,0,0,TRUE,"maxt"
"1805",805,0,0,0,TRUE,"maxt"
"1806",806,0,0,0,TRUE,"maxt"
"1807",807,0,0,0,TRUE,"maxt"
"1808",808,0,0,0,TRUE,"maxt"
"1809",809,0,0,0,TRUE,"maxt"
"1810",810,0,0,0,TRUE,"maxt"
"1811",811,0,0,0,TRUE,"maxt"
"1812",812,0,0,0,TRUE,"maxt"
"1813",813,0,0,0,TRUE,"maxt"
"1814",814,0,0,0,TRUE,"maxt"
"1815",815,0,0,0,TRUE,"maxt"
"1816",816,0,0,0,TRUE,"maxt"
"1817",817,0,0,0,TRUE,"maxt"
"1818",818,0,0,0,TRUE,"maxt"
"1819",819,0,0,0,TRUE,"maxt"
"1820",820,0,0,0,TRUE,"maxt"
"1821",821,0,0,0,TRUE,"maxt"
"1822",822,0,0,0,TRUE,"maxt"
"1823",823,0,0,0,TRUE,"maxt"
"1824",824,0,0,0,TRUE,"maxt"
"1825",825,0,0,0,TRUE,"maxt"
"1826",826,0,0,0,TRUE,"maxt"
"1827",827,0,0,0,TRUE,"maxt"
"1828",828,0,0,0,TRUE,"maxt"
"1829",829,0,0,0,TRUE,"maxt"
"1830",830,0,0,0,TRUE,"maxt"
"1831",831,0,0,0,TRUE,"maxt"
"1832",832,0,0,0,TRUE,"maxt"
"1833",833,0,0,0,TRUE,"maxt"
"1834",834,0,0,0,TRUE,"maxt"
"1835",835,0,0,0,TRUE,"maxt"
"1836",836,0,0,0,TRUE,"maxt"
"1837",837,0,0,0,TRUE,"maxt"
"1838",838,0,0,0,TRUE,"maxt"
"1839",839,0,0,0,TRUE,"maxt"
"1840",840,0,0,0,TRUE,"maxt"
"1841",841,0,0,0,TRUE,"maxt"
"1842",842,0,0,0,TRUE,"maxt"
"1843",843,0,0,0,TRUE,"maxt"
"1844",844,0,0,0,TRUE,"maxt"
"1845",845,0,0,0,TRUE,"maxt"
"1846",846,0,0,0,TRUE,"maxt"
"1847",847,0,0,0,TRUE,"maxt"
"1848",848,0,0,0,TRUE,"maxt"
"1849",849,0,0,0,TRUE,"maxt"
"1850",850,0,0,0,TRUE,"maxt"
"1851",851,0,0,0,TRUE,"maxt"
"1852",852,0,0,0,TRUE,"maxt"
"1853",853,0,0,0,TRUE,"maxt"
"1854",854,0,0,0,TRUE,"maxt"
"1855",855,0,0,0,TRUE,"maxt"
"1856",856,0,0,0,TRUE,"maxt"
"1857",857,0,0,0,TRUE,"maxt"
"1858",858,0,0,0,TRUE,"maxt"
"1859",859,0,0,0,TRUE,"maxt"
"1860",860,0,0,0,TRUE,"maxt"
"1861",861,0,0,0,TRUE,"maxt"
"1862",862,0,0,0,TRUE,"maxt"
"1863",863,0,0,0,TRUE,"maxt"
"1864",864,0,0,0,TRUE,"maxt"
"1865",865,0,0,0,TRUE,"maxt"
"1866",866,0,0,0,TRUE,"maxt"
"1867",867,0,0,0,TRUE,"maxt"
"1868",868,0,0,0,TRUE,"maxt"
"1869",869,0,0,0,TRUE,"maxt"
"1870",870,0,0,0,TRUE,"maxt"
"1871",871,0,0,0,TRUE,"maxt"
"1872",872,0,0,0,TRUE,"maxt"
"1873",873,0,0,0,TRUE,"maxt"
"1874",874,0,0,0,TRUE,"maxt"
"1875",875,0,0,0,TRUE,"maxt"
"1876",876,0,0,0,TRUE,"maxt"
"1877",877,0,0,0,TRUE,"maxt"
"1878",878,0,0,0,TRUE,"maxt"
"1879",879,0,0,0,TRUE,"maxt"
"1880",880,0,0,0,TRUE,"maxt"
"1881",881,0,0,0,TRUE,"maxt"
"1882",882,0,0,0,TRUE,"maxt"
"1883",883,0,0,0,TRUE,"maxt"
"1884",884,0,0,0,TRUE,"maxt"
"1885",885,0,0,0,TRUE,"maxt"
"1886",886,0,0,0,TRUE,"maxt"
"1887",887,0,0,0,TRUE,"maxt"
"1888",888,0,0,0,TRUE,"maxt"
"1889",889,0,0,0,TRUE,"maxt"
"1890",890,0,0,0,TRUE,"maxt"
"1891",891,0,0,0,TRUE,"maxt"
"1892",892,0,0,0,TRUE,"maxt"
"1893",893,0,0,0,TRUE,"maxt"
"1894",894,0,0,0,TRUE,"maxt"
"1895",895,0,0,0,TRUE,"maxt"
"1896",896,0,0,0,TRUE,"maxt"
"1897",897,0,0,0,TRUE,"maxt"
"1898",898,0,0,0,TRUE,"maxt"
"1899",899,0,0,0,TRUE,"maxt"
"1900",900,0,0,0,TRUE,"maxt"
"1901",901,0,0,0,TRUE,"maxt"
"1902",902,0,0,0,TRUE,"maxt"
"1903",903,0,0,0,TRUE,"maxt"
"1904",904,0,0,0,TRUE,"maxt"
"1905",905,0,0,0,TRUE,"maxt"
"1906",906,0,0,0,TRUE,"maxt"
"1907",907,0,0,0,TRUE,"maxt"
"1908",908,0,0,0,TRUE,"maxt"
"1909",909,0,0,0,TRUE,"maxt"
"1910",910,0,0,0,TRUE,"maxt"
"1911",911,0,0,0,TRUE,"maxt"
"1912",912,0,0,0,TRUE,"maxt"
"1913",913,0,0,0,TRUE,"maxt"
"1914",914,0,0,0,TRUE,"maxt"
"1915",915,0,0,0,TRUE,"maxt"
"1916",916,0,0,0,TRUE,"maxt"
"1917",917,0,0,0,TRUE,"maxt"
"1918",918,0,0,0,TRUE,"maxt"
"1919",919,0,0,0,TRUE,"maxt"
"1920",920,0,0,0,TRUE,"maxt"
"1921",921,0,0,0,TRUE,"maxt"
"1922",922,0,0,0,TRUE,"maxt"
"1923",923,0,0,0,TRUE,"maxt"
"1924",924,0,0,0,TRUE,"maxt"
"1925",925,0,0,0,TRUE,"maxt"
"1926",926,0,0,0,TRUE,"maxt"
"1927",927,0,0,0,TRUE,"maxt"
"1928",928,0,0,0,TRUE,"maxt"
"1929",929,0,0,0,TRUE,"maxt"
"1930",930,0,0,0,TRUE,"maxt"
"1931",931,0,0,0,TRUE,"maxt"
"1932",932,0,0,0,TRUE,"maxt"
"1933",933,0,0,0,TRUE,"maxt"
"1934",934,0,0,0,TRUE,"maxt"
"1935",935,0,0,0,TRUE,"maxt"
"1936",936,0,0,0,TRUE,"maxt"
"1937",937,0,0,0,TRUE,"maxt"
"1938",938,0,0,0,TRUE,"maxt"
"1939",939,0,0,0,TRUE,"maxt"
"1940",940,0,0,0,TRUE,"maxt"
"1941",941,0,0,0,TRUE,"maxt"
"1942",942,0,0,0,TRUE,"maxt"
"1943",943,0,0,0,TRUE,"maxt"
"1944",944,0,0,0,TRUE,"maxt"
"1945",945,0,0,0,TRUE,"maxt"
"1946",946,0,0,0,TRUE,"maxt"
"1947",947,0,0,0,TRUE,"maxt"
"1948",948,0,0,0,TRUE,"maxt"
"1949",949,0,0,0,TRUE,"maxt"
"1950",950,0,0,0,TRUE,"maxt"
"1951",951,0,0,0,TRUE,"maxt"
"1952",952,0,0,0,TRUE,"maxt"
"1953",953,0,0,0,TRUE,"maxt"
"1954",954,0,0,0,TRUE,"maxt"
"1955",955,0,0,0,TRUE,"maxt"
"1956",956,0,0,0,TRUE,"maxt"
"1957",957,0,0,0,TRUE,"maxt"
"1958",958,0,0,0,TRUE,"maxt"
"1959",959,0,0,0,TRUE,"maxt"
"1960",960,0,0,0,TRUE,"maxt"
"1961",961,0,0,0,TRUE,"maxt"
"1962",962,0,0,0,TRUE,"maxt"
"1963",963,0,0,0,TRUE,"maxt"
"1964",964,0,0,0,TRUE,"maxt"
"1965",965,0,0,0,TRUE,"maxt"
"1966",966,0,0,0,TRUE,"maxt"
"1967",967,0,0,0,TRUE,"maxt"
"1968",968,0,0,0,TRUE,"maxt"
"1969",969,0,0,0,TRUE,"maxt"
"1970",970,0,0,0,TRUE,"maxt"
"1971",971,0,0,0,TRUE,"maxt"
"1972",972,0,0,0,TRUE,"maxt"
"1973",973,0,0,0,TRUE,"maxt"
"1974",974,0,0,0,TRUE,"maxt"
"1975",975,0,0,0,TRUE,"maxt"
"1976",976,0,0,0,TRUE,"maxt"
"1977",977,0,0,0,TRUE,"maxt"
"1978",978,0,0,0,TRUE,"maxt"
"1979",979,0,0,0,TRUE,"maxt"
"1980",980,0,0,0,TRUE,"maxt"
"1981",981,0,0,0,TRUE,"maxt"
"1982",982,0,0,0,TRUE,"maxt"
"1983",983,0,0,0,TRUE,"maxt"
"1984",984,0,0,0,TRUE,"maxt"
"1985",985,0,0,0,TRUE,"maxt"
"1986",986,0,0,0,TRUE,"maxt"
"1987",987,0,0,0,TRUE,"maxt"
"1988",988,0,0,0,TRUE,"maxt"
"1989",989,0,0,0,TRUE,"maxt"
"1990",990,0,0,0,TRUE,"maxt"
"1991",991,0,0,0,TRUE,"maxt"
"1992",992,0,0,0,TRUE,"maxt"
"1993",993,0,0,0,TRUE,"maxt"
"1994",994,0,0,0,TRUE,"maxt"
"1995",995,0,0,0,TRUE,"maxt"
"1996",996,0,0,0,TRUE,"maxt"
"1997",997,0,0,0,TRUE,"maxt"
"1998",998,0,0,0,TRUE,"maxt"
"1999",999,0,0,0,TRUE,"maxt"
"2000",1000,0,0,0,TRUE,"maxt"
"2001",1,0,0,0,TRUE,"maxt_norm"
"2002",2,0,0,0,TRUE,"maxt_norm"
"2003",3,0,0,0,TRUE,"maxt_norm"
"2004",4,0,0,0,TRUE,"maxt_norm"
"2005",5,0,0,0,TRUE,"maxt_norm"
"2006",6,0,0,0,TRUE,"maxt_norm"
"2007",7,0,0,0,TRUE,"maxt_norm"
"2008",8,0,0,0,TRUE,"maxt_norm"
"2009",9,0,0,0,TRUE,"maxt_norm"
"2010",10,0,0,0,TRUE,"maxt_norm"
"2011",11,0,0,0,TRUE,"maxt_norm"
"2012",12,0,0,0,TRUE,"maxt_norm"
"2013",13,0,0,0,TRUE,"maxt_norm"
"2014",14,0,0,0,TRUE,"maxt_norm"
"2015",15,0,0,0,TRUE,"maxt_norm"
"2016",16,0,0,0,TRUE,"maxt_norm"
"2017",17,0,0,0,TRUE,"maxt_norm"
"2018",18,0,0,0,TRUE,"maxt_norm"
"2019",19,0,0,0,TRUE,"maxt_norm"
"2020",20,0,0,0,TRUE,"maxt_norm"
"2021",21,0,0,0,TRUE,"maxt_norm"
"2022",22,0,0,0,TRUE,"maxt_norm"
"2023",23,0,0,0,TRUE,"maxt_norm"
"2024",24,0,0,0,TRUE,"maxt_norm"
"2025",25,0,0,0,TRUE,"maxt_norm"
"2026",26,0,0,0,TRUE,"maxt_norm"
"2027",27,0,0,0,TRUE,"maxt_norm"
"2028",28,0,0,0,TRUE,"maxt_norm"
"2029",29,0,0,0,TRUE,"maxt_norm"
"2030",30,0,0,0,TRUE,"maxt_norm"
"2031",31,0,0,0,TRUE,"maxt_norm"
"2032",32,0,0,0,TRUE,"maxt_norm"
"2033",33,0,0,0,TRUE,"maxt_norm"
"2034",34,0,0,0,TRUE,"maxt_norm"
"2035",35,0,0,0,TRUE,"maxt_norm"
"2036",36,0,0,0,TRUE,"maxt_norm"
"2037",37,0,0,0,TRUE,"maxt_norm"
"2038",38,0,0,0,TRUE,"maxt_norm"
"2039",39,0,0,0,TRUE,"maxt_norm"
"2040",40,0,0,0,TRUE,"maxt_norm"
"2041",41,0,0,0,TRUE,"maxt_norm"
"2042",42,0,0,0,TRUE,"maxt_norm"
"2043",43,0,0,0,TRUE,"maxt_norm"
"2044",44,0,0,0,TRUE,"maxt_norm"
"2045",45,0,0,0,TRUE,"maxt_norm"
"2046",46,0,0,0,TRUE,"maxt_norm"
"2047",47,0,0,0,TRUE,"maxt_norm"
"2048",48,0,0,0,TRUE,"maxt_norm"
"2049",49,0,0,0,TRUE,"maxt_norm"
"2050",50,0,0,0,TRUE,"maxt_norm"
"2051",51,0,0,0,TRUE,"maxt_norm"
"2052",52,0,0,0,TRUE,"maxt_norm"
"2053",53,0,0,0,TRUE,"maxt_norm"
"2054",54,0,0,0,TRUE,"maxt_norm"
"2055",55,0,0,0,TRUE,"maxt_norm"
"2056",56,0,0,0,TRUE,"maxt_norm"
"2057",57,0,0,0,TRUE,"maxt_norm"
"2058",58,0,0,0,TRUE,"maxt_norm"
"2059",59,0,0,0,TRUE,"maxt_norm"
"2060",60,0,0,0,TRUE,"maxt_norm"
"2061",61,0,0,0,TRUE,"maxt_norm"
"2062",62,0,0,0,TRUE,"maxt_norm"
"2063",63,0,0,0,TRUE,"maxt_norm"
"2064",64,0,0,0,TRUE,"maxt_norm"
"2065",65,0,0,0,TRUE,"maxt_norm"
"2066",66,0,0,0,TRUE,"maxt_norm"
"2067",67,0,0,0,TRUE,"maxt_norm"
"2068",68,0,0,0,TRUE,"maxt_norm"
"2069",69,0,0,0,TRUE,"maxt_norm"
"2070",70,0,0,0,TRUE,"maxt_norm"
"2071",71,0,0,0,TRUE,"maxt_norm"
"2072",72,0,0,0,TRUE,"maxt_norm"
"2073",73,0,0,0,TRUE,"maxt_norm"
"2074",74,0,0,0,TRUE,"maxt_norm"
"2075",75,0,0,0,TRUE,"maxt_norm"
"2076",76,0,0,0,TRUE,"maxt_norm"
"2077",77,0,0,0,TRUE,"maxt_norm"
"2078",78,0,0,0,TRUE,"maxt_norm"
"2079",79,0,0,0,TRUE,"maxt_norm"
"2080",80,0,0,0,TRUE,"maxt_norm"
"2081",81,0,0,0,TRUE,"maxt_norm"
"2082",82,0,0,0,TRUE,"maxt_norm"
"2083",83,0,0,0,TRUE,"maxt_norm"
"2084",84,0,0,0,TRUE,"maxt_norm"
"2085",85,0,0,0,TRUE,"maxt_norm"
"2086",86,0,0,0,TRUE,"maxt_norm"
"2087",87,0,0,0,TRUE,"maxt_norm"
"2088",88,0,0,0,TRUE,"maxt_norm"
"2089",89,0,0,0,TRUE,"maxt_norm"
"2090",90,0,0,0,TRUE,"maxt_norm"
"2091",91,0,0,0,TRUE,"maxt_norm"
"2092",92,0,0,0,TRUE,"maxt_norm"
"2093",93,0,0,0,TRUE,"maxt_norm"
"2094",94,0,0,0,TRUE,"maxt_norm"
"2095",95,0,0,0,TRUE,"maxt_norm"
"2096",96,0,0,0,TRUE,"maxt_norm"
"2097",97,0,0,0,TRUE,"maxt_norm"
"2098",98,0,0,0,TRUE,"maxt_norm"
"2099",99,0,0,0,TRUE,"maxt_norm"
"2100",100,0,0,0,TRUE,"maxt_norm"
"2101",101,0,0,0,TRUE,"maxt_norm"
"2102",102,0,0,0,TRUE,"maxt_norm"
"2103",103,0,0,0,TRUE,"maxt_norm"
"2104",104,0,0,0,TRUE,"maxt_norm"
"2105",105,0,0,0,TRUE,"maxt_norm"
"2106",106,0,0,0,TRUE,"maxt_norm"
"2107",107,0,0,0,TRUE,"maxt_norm"
"2108",108,0,0,0,TRUE,"maxt_norm"
"2109",109,0,0,0,TRUE,"maxt_norm"
"2110",110,0,0,0,TRUE,"maxt_norm"
"2111",111,0,0,0,TRUE,"maxt_norm"
"2112",112,0,0,0,TRUE,"maxt_norm"
"2113",113,0,0,0,TRUE,"maxt_norm"
"2114",114,0,0,0,TRUE,"maxt_norm"
"2115",115,0,0,0,TRUE,"maxt_norm"
"2116",116,0,0,0,TRUE,"maxt_norm"
"2117",117,0,0,0,TRUE,"maxt_norm"
"2118",118,0,0,0,TRUE,"maxt_norm"
"2119",119,0,0,0,TRUE,"maxt_norm"
"2120",120,0,0,0,TRUE,"maxt_norm"
"2121",121,0,0,0,TRUE,"maxt_norm"
"2122",122,0,0,0,TRUE,"maxt_norm"
"2123",123,0,0,0,TRUE,"maxt_norm"
"2124",124,0,0,0,TRUE,"maxt_norm"
"2125",125,0,0,0,TRUE,"maxt_norm"
"2126",126,0,0,0,TRUE,"maxt_norm"
"2127",127,0,0,0,TRUE,"maxt_norm"
"2128",128,0,0,0,TRUE,"maxt_norm"
"2129",129,0,0,0,TRUE,"maxt_norm"
"2130",130,0,0,0,TRUE,"maxt_norm"
"2131",131,0,0,0,TRUE,"maxt_norm"
"2132",132,0,0,0,TRUE,"maxt_norm"
"2133",133,0,0,0,TRUE,"maxt_norm"
"2134",134,0,0,0,TRUE,"maxt_norm"
"2135",135,0,0,0,TRUE,"maxt_norm"
"2136",136,0,0,0,TRUE,"maxt_norm"
"2137",137,0,0,0,TRUE,"maxt_norm"
"2138",138,0,0,0,TRUE,"maxt_norm"
"2139",139,0,0,0,TRUE,"maxt_norm"
"2140",140,0,0,0,TRUE,"maxt_norm"
"2141",141,0,0,0,TRUE,"maxt_norm"
"2142",142,0,0,0,TRUE,"maxt_norm"
"2143",143,0,0,0,TRUE,"maxt_norm"
"2144",144,0,0,0,TRUE,"maxt_norm"
"2145",145,0,0,0,TRUE,"maxt_norm"
"2146",146,0,0,0,TRUE,"maxt_norm"
"2147",147,0,0,0,TRUE,"maxt_norm"
"2148",148,0,0,0,TRUE,"maxt_norm"
"2149",149,0,0,0,TRUE,"maxt_norm"
"2150",150,0,0,0,TRUE,"maxt_norm"
"2151",151,0,0,0,TRUE,"maxt_norm"
"2152",152,0,0,0,TRUE,"maxt_norm"
"2153",153,0,0,0,TRUE,"maxt_norm"
"2154",154,0,0,0,TRUE,"maxt_norm"
"2155",155,0,0,0,TRUE,"maxt_norm"
"2156",156,0,0,0,TRUE,"maxt_norm"
"2157",157,0,0,0,TRUE,"maxt_norm"
"2158",158,0,0,0,TRUE,"maxt_norm"
"2159",159,0,0,0,TRUE,"maxt_norm"
"2160",160,0,0,0,TRUE,"maxt_norm"
"2161",161,0,0,0,TRUE,"maxt_norm"
"2162",162,0,0,0,TRUE,"maxt_norm"
"2163",163,0,0,0,TRUE,"maxt_norm"
"2164",164,0,0,0,TRUE,"maxt_norm"
"2165",165,0,0,0,TRUE,"maxt_norm"
"2166",166,0,0,0,TRUE,"maxt_norm"
"2167",167,0,0,0,TRUE,"maxt_norm"
"2168",168,0,0,0,TRUE,"maxt_norm"
"2169",169,0,0,0,TRUE,"maxt_norm"
"2170",170,0,0,0,TRUE,"maxt_norm"
"2171",171,0,0,0,TRUE,"maxt_norm"
"2172",172,0,0,0,TRUE,"maxt_norm"
"2173",173,0,0,0,TRUE,"maxt_norm"
"2174",174,0,0,0,TRUE,"maxt_norm"
"2175",175,0,0,0,TRUE,"maxt_norm"
"2176",176,0,0,0,TRUE,"maxt_norm"
"2177",177,0,0,0,TRUE,"maxt_norm"
"2178",178,0,0,0,TRUE,"maxt_norm"
"2179",179,0,0,0,TRUE,"maxt_norm"
"2180",180,0,0,0,TRUE,"maxt_norm"
"2181",181,0,0,0,TRUE,"maxt_norm"
"2182",182,0,0,0,TRUE,"maxt_norm"
"2183",183,0,0,0,TRUE,"maxt_norm"
"2184",184,0,0,0,TRUE,"maxt_norm"
"2185",185,0,0,0,TRUE,"maxt_norm"
"2186",186,0,0,0,TRUE,"maxt_norm"
"2187",187,0,0,0,TRUE,"maxt_norm"
"2188",188,0,0,0,TRUE,"maxt_norm"
"2189",189,0,0,0,TRUE,"maxt_norm"
"2190",190,0,0,0,TRUE,"maxt_norm"
"2191",191,0,0,0,TRUE,"maxt_norm"
"2192",192,0,0,0,TRUE,"maxt_norm"
"2193",193,0,0,0,TRUE,"maxt_norm"
"2194",194,0,0,0,TRUE,"maxt_norm"
"2195",195,0,0,0,TRUE,"maxt_norm"
"2196",196,0,0,0,TRUE,"maxt_norm"
"2197",197,0,0,0,TRUE,"maxt_norm"
"2198",198,0,0,0,TRUE,"maxt_norm"
"2199",199,0,0,0,TRUE,"maxt_norm"
"2200",200,0,0,0,TRUE,"maxt_norm"
"2201",201,0,0,0,TRUE,"maxt_norm"
"2202",202,0,0,0,TRUE,"maxt_norm"
"2203",203,0,0,0,TRUE,"maxt_norm"
"2204",204,0,0,0,TRUE,"maxt_norm"
"2205",205,0,0,0,TRUE,"maxt_norm"
"2206",206,0,0,0,TRUE,"maxt_norm"
"2207",207,0,0,0,TRUE,"maxt_norm"
"2208",208,0,0,0,TRUE,"maxt_norm"
"2209",209,0,0,0,TRUE,"maxt_norm"
"2210",210,0,0,0,TRUE,"maxt_norm"
"2211",211,0,0,0,TRUE,"maxt_norm"
"2212",212,0,0,0,TRUE,"maxt_norm"
"2213",213,0,0,0,TRUE,"maxt_norm"
"2214",214,0,0,0,TRUE,"maxt_norm"
"2215",215,0,0,0,TRUE,"maxt_norm"
"2216",216,0,0,0,TRUE,"maxt_norm"
"2217",217,0,0,0,TRUE,"maxt_norm"
"2218",218,0,0,0,TRUE,"maxt_norm"
"2219",219,0,0,0,TRUE,"maxt_norm"
"2220",220,0,0,0,TRUE,"maxt_norm"
"2221",221,0,0,0,TRUE,"maxt_norm"
"2222",222,0,0,0,TRUE,"maxt_norm"
"2223",223,0,0,0,TRUE,"maxt_norm"
"2224",224,0,0,0,TRUE,"maxt_norm"
"2225",225,0,0,0,TRUE,"maxt_norm"
"2226",226,0,0,0,TRUE,"maxt_norm"
"2227",227,0,0,0,TRUE,"maxt_norm"
"2228",228,0,0,0,TRUE,"maxt_norm"
"2229",229,0,0,0,TRUE,"maxt_norm"
"2230",230,0,0,0,TRUE,"maxt_norm"
"2231",231,0,0,0,TRUE,"maxt_norm"
"2232",232,0,0,0,TRUE,"maxt_norm"
"2233",233,0,0,0,TRUE,"maxt_norm"
"2234",234,0,0,0,TRUE,"maxt_norm"
"2235",235,0,0,0,TRUE,"maxt_norm"
"2236",236,0,0,0,TRUE,"maxt_norm"
"2237",237,0,0,0,TRUE,"maxt_norm"
"2238",238,0,0,0,TRUE,"maxt_norm"
"2239",239,0,0,0,TRUE,"maxt_norm"
"2240",240,0,0,0,TRUE,"maxt_norm"
"2241",241,0,0,0,TRUE,"maxt_norm"
"2242",242,0,0,0,TRUE,"maxt_norm"
"2243",243,0,0,0,TRUE,"maxt_norm"
"2244",244,0,0,0,TRUE,"maxt_norm"
"2245",245,0,0,0,TRUE,"maxt_norm"
"2246",246,0,0,0,TRUE,"maxt_norm"
"2247",247,0,0,0,TRUE,"maxt_norm"
"2248",248,0,0,0,TRUE,"maxt_norm"
"2249",249,0,0,0,TRUE,"maxt_norm"
"2250",250,0,0,0,TRUE,"maxt_norm"
"2251",251,0,0,0,TRUE,"maxt_norm"
"2252",252,0,0,0,TRUE,"maxt_norm"
"2253",253,0,0,0,TRUE,"maxt_norm"
"2254",254,0,0,0,TRUE,"maxt_norm"
"2255",255,0,0,0,TRUE,"maxt_norm"
"2256",256,0,0,0,TRUE,"maxt_norm"
"2257",257,0,0,0,TRUE,"maxt_norm"
"2258",258,0,0,0,TRUE,"maxt_norm"
"2259",259,0,0,0,TRUE,"maxt_norm"
"2260",260,0,0,0,TRUE,"maxt_norm"
"2261",261,0,0,0,TRUE,"maxt_norm"
"2262",262,0,0,0,TRUE,"maxt_norm"
"2263",263,0,0,0,TRUE,"maxt_norm"
"2264",264,0,0,0,TRUE,"maxt_norm"
"2265",265,0,0,0,TRUE,"maxt_norm"
"2266",266,0,0,0,TRUE,"maxt_norm"
"2267",267,0,0,0,TRUE,"maxt_norm"
"2268",268,0,0,0,TRUE,"maxt_norm"
"2269",269,0,0,0,TRUE,"maxt_norm"
"2270",270,0,0,0,TRUE,"maxt_norm"
"2271",271,0,0,0,TRUE,"maxt_norm"
"2272",272,0,0,0,TRUE,"maxt_norm"
"2273",273,0,0,0,TRUE,"maxt_norm"
"2274",274,0,0,0,TRUE,"maxt_norm"
"2275",275,0,0,0,TRUE,"maxt_norm"
"2276",276,0,0,0,TRUE,"maxt_norm"
"2277",277,0,0,0,TRUE,"maxt_norm"
"2278",278,0,0,0,TRUE,"maxt_norm"
"2279",279,0,0,0,TRUE,"maxt_norm"
"2280",280,0,0,0,TRUE,"maxt_norm"
"2281",281,0,0,0,TRUE,"maxt_norm"
"2282",282,0,0,0,TRUE,"maxt_norm"
"2283",283,0,0,0,TRUE,"maxt_norm"
"2284",284,0,0,0,TRUE,"maxt_norm"
"2285",285,0,0,0,TRUE,"maxt_norm"
"2286",286,0,0,0,TRUE,"maxt_norm"
"2287",287,0,0,0,TRUE,"maxt_norm"
"2288",288,0,0,0,TRUE,"maxt_norm"
"2289",289,0,0,0,TRUE,"maxt_norm"
"2290",290,0,0,0,TRUE,"maxt_norm"
"2291",291,0,0,0,TRUE,"maxt_norm"
"2292",292,0,0,0,TRUE,"maxt_norm"
"2293",293,0,0,0,TRUE,"maxt_norm"
"2294",294,0,0,0,TRUE,"maxt_norm"
"2295",295,0,0,0,TRUE,"maxt_norm"
"2296",296,0,0,0,TRUE,"maxt_norm"
"2297",297,0,0,0,TRUE,"maxt_norm"
"2298",298,0,0,0,TRUE,"maxt_norm"
"2299",299,0,0,0,TRUE,"maxt_norm"
"2300",300,0,0,0,TRUE,"maxt_norm"
"2301",301,0,0,0,TRUE,"maxt_norm"
"2302",302,0,0,0,TRUE,"maxt_norm"
"2303",303,0,0,0,TRUE,"maxt_norm"
"2304",304,0,0,0,TRUE,"maxt_norm"
"2305",305,0,0,0,TRUE,"maxt_norm"
"2306",306,0,0,0,TRUE,"maxt_norm"
"2307",307,0,0,0,TRUE,"maxt_norm"
"2308",308,0,0,0,TRUE,"maxt_norm"
"2309",309,0,0,0,TRUE,"maxt_norm"
"2310",310,0,0,0,TRUE,"maxt_norm"
"2311",311,0,0,0,TRUE,"maxt_norm"
"2312",312,0,0,0,TRUE,"maxt_norm"
"2313",313,0,0,0,TRUE,"maxt_norm"
"2314",314,0,0,0,TRUE,"maxt_norm"
"2315",315,0,0,0,TRUE,"maxt_norm"
"2316",316,0,0,0,TRUE,"maxt_norm"
"2317",317,0,0,0,TRUE,"maxt_norm"
"2318",318,0,0,0,TRUE,"maxt_norm"
"2319",319,0,0,0,TRUE,"maxt_norm"
"2320",320,0,0,0,TRUE,"maxt_norm"
"2321",321,0,0,0,TRUE,"maxt_norm"
"2322",322,0,0,0,TRUE,"maxt_norm"
"2323",323,0,0,0,TRUE,"maxt_norm"
"2324",324,0,0,0,TRUE,"maxt_norm"
"2325",325,0,0,0,TRUE,"maxt_norm"
"2326",326,0,0,0,TRUE,"maxt_norm"
"2327",327,0,0,0,TRUE,"maxt_norm"
"2328",328,0,0,0,TRUE,"maxt_norm"
"2329",329,0,0,0,TRUE,"maxt_norm"
"2330",330,0,0,0,TRUE,"maxt_norm"
"2331",331,0,0,0,TRUE,"maxt_norm"
"2332",332,0,0,0,TRUE,"maxt_norm"
"2333",333,0,0,0,TRUE,"maxt_norm"
"2334",334,0,0,0,TRUE,"maxt_norm"
"2335",335,0,0,0,TRUE,"maxt_norm"
"2336",336,0,0,0,TRUE,"maxt_norm"
"2337",337,0,0,0,TRUE,"maxt_norm"
"2338",338,0,0,0,TRUE,"maxt_norm"
"2339",339,0,0,0,TRUE,"maxt_norm"
"2340",340,0,0,0,TRUE,"maxt_norm"
"2341",341,0,0,0,TRUE,"maxt_norm"
"2342",342,0,0,0,TRUE,"maxt_norm"
"2343",343,0,0,0,TRUE,"maxt_norm"
"2344",344,0,0,0,TRUE,"maxt_norm"
"2345",345,0,0,0,TRUE,"maxt_norm"
"2346",346,0,0,0,TRUE,"maxt_norm"
"2347",347,0,0,0,TRUE,"maxt_norm"
"2348",348,0,0,0,TRUE,"maxt_norm"
"2349",349,0,0,0,TRUE,"maxt_norm"
"2350",350,0,0,0,TRUE,"maxt_norm"
"2351",351,0,0,0,TRUE,"maxt_norm"
"2352",352,0,0,0,TRUE,"maxt_norm"
"2353",353,0,0,0,TRUE,"maxt_norm"
"2354",354,0,0,0,TRUE,"maxt_norm"
"2355",355,0,0,0,TRUE,"maxt_norm"
"2356",356,0,0,0,TRUE,"maxt_norm"
"2357",357,0,0,0,TRUE,"maxt_norm"
"2358",358,0,0,0,TRUE,"maxt_norm"
"2359",359,0,0,0,TRUE,"maxt_norm"
"2360",360,0,0,0,TRUE,"maxt_norm"
"2361",361,0,0,0,TRUE,"maxt_norm"
"2362",362,0,0,0,TRUE,"maxt_norm"
"2363",363,0,0,0,TRUE,"maxt_norm"
"2364",364,0,0,0,TRUE,"maxt_norm"
"2365",365,0,0,0,TRUE,"maxt_norm"
"2366",366,0,0,0,TRUE,"maxt_norm"
"2367",367,0,0,0,TRUE,"maxt_norm"
"2368",368,0,0,0,TRUE,"maxt_norm"
"2369",369,0,0,0,TRUE,"maxt_norm"
"2370",370,0,0,0,TRUE,"maxt_norm"
"2371",371,0,0,0,TRUE,"maxt_norm"
"2372",372,0,0,0,TRUE,"maxt_norm"
"2373",373,0,0,0,TRUE,"maxt_norm"
"2374",374,0,0,0,TRUE,"maxt_norm"
"2375",375,0,0,0,TRUE,"maxt_norm"
"2376",376,0,0,0,TRUE,"maxt_norm"
"2377",377,0,0,0,TRUE,"maxt_norm"
"2378",378,0,0,0,TRUE,"maxt_norm"
"2379",379,0,0,0,TRUE,"maxt_norm"
"2380",380,0,0,0,TRUE,"maxt_norm"
"2381",381,0,0,0,TRUE,"maxt_norm"
"2382",382,0,0,0,TRUE,"maxt_norm"
"2383",383,0,0,0,TRUE,"maxt_norm"
"2384",384,0,0,0,TRUE,"maxt_norm"
"2385",385,0,0,0,TRUE,"maxt_norm"
"2386",386,0,0,0,TRUE,"maxt_norm"
"2387",387,0,0,0,TRUE,"maxt_norm"
"2388",388,0,0,0,TRUE,"maxt_norm"
"2389",389,0,0,0,TRUE,"maxt_norm"
"2390",390,0,0,0,TRUE,"maxt_norm"
"2391",391,0,0,0,TRUE,"maxt_norm"
"2392",392,0,0,0,TRUE,"maxt_norm"
"2393",393,0,0,0,TRUE,"maxt_norm"
"2394",394,0,0,0,TRUE,"maxt_norm"
"2395",395,0,0,0,TRUE,"maxt_norm"
"2396",396,0,0,0,TRUE,"maxt_norm"
"2397",397,0,0,0,TRUE,"maxt_norm"
"2398",398,0,0,0,TRUE,"maxt_norm"
"2399",399,0,0,0,TRUE,"maxt_norm"
"2400",400,0,0,0,TRUE,"maxt_norm"
"2401",401,0,0,0,TRUE,"maxt_norm"
"2402",402,0,0,0,TRUE,"maxt_norm"
"2403",403,0,0,0,TRUE,"maxt_norm"
"2404",404,0,0,0,TRUE,"maxt_norm"
"2405",405,0,0,0,TRUE,"maxt_norm"
"2406",406,0,0,0,TRUE,"maxt_norm"
"2407",407,0,0,0,TRUE,"maxt_norm"
"2408",408,0,0,0,TRUE,"maxt_norm"
"2409",409,0,0,0,TRUE,"maxt_norm"
"2410",410,0,0,0,TRUE,"maxt_norm"
"2411",411,0,0,0,TRUE,"maxt_norm"
"2412",412,0,0,0,TRUE,"maxt_norm"
"2413",413,0,0,0,TRUE,"maxt_norm"
"2414",414,0,0,0,TRUE,"maxt_norm"
"2415",415,0,0,0,TRUE,"maxt_norm"
"2416",416,0,0,0,TRUE,"maxt_norm"
"2417",417,0,0,0,TRUE,"maxt_norm"
"2418",418,0,0,0,TRUE,"maxt_norm"
"2419",419,0,0,0,TRUE,"maxt_norm"
"2420",420,0,0,0,TRUE,"maxt_norm"
"2421",421,0,0,0,TRUE,"maxt_norm"
"2422",422,0,0,0,TRUE,"maxt_norm"
"2423",423,0,0,0,TRUE,"maxt_norm"
"2424",424,0,0,0,TRUE,"maxt_norm"
"2425",425,0,0,0,TRUE,"maxt_norm"
"2426",426,0,0,0,TRUE,"maxt_norm"
"2427",427,0,0,0,TRUE,"maxt_norm"
"2428",428,0,0,0,TRUE,"maxt_norm"
"2429",429,0,0,0,TRUE,"maxt_norm"
"2430",430,0,0,0,TRUE,"maxt_norm"
"2431",431,0,0,0,TRUE,"maxt_norm"
"2432",432,0,0,0,TRUE,"maxt_norm"
"2433",433,0,0,0,TRUE,"maxt_norm"
"2434",434,0,0,0,TRUE,"maxt_norm"
"2435",435,0,0,0,TRUE,"maxt_norm"
"2436",436,0,0,0,TRUE,"maxt_norm"
"2437",437,0,0,0,TRUE,"maxt_norm"
"2438",438,0,0,0,TRUE,"maxt_norm"
"2439",439,0,0,0,TRUE,"maxt_norm"
"2440",440,0,0,0,TRUE,"maxt_norm"
"2441",441,0,0,0,TRUE,"maxt_norm"
"2442",442,0,0,0,TRUE,"maxt_norm"
"2443",443,0,0,0,TRUE,"maxt_norm"
"2444",444,0,0,0,TRUE,"maxt_norm"
"2445",445,0,0,0,TRUE,"maxt_norm"
"2446",446,0,0,0,TRUE,"maxt_norm"
"2447",447,0,0,0,TRUE,"maxt_norm"
"2448",448,0,0,0,TRUE,"maxt_norm"
"2449",449,0,0,0,TRUE,"maxt_norm"
"2450",450,0,0,0,TRUE,"maxt_norm"
"2451",451,0,0,0,TRUE,"maxt_norm"
"2452",452,0,0,0,TRUE,"maxt_norm"
"2453",453,0,0,0,TRUE,"maxt_norm"
"2454",454,0,0,0,TRUE,"maxt_norm"
"2455",455,0,0,0,TRUE,"maxt_norm"
"2456",456,0,0,0,TRUE,"maxt_norm"
"2457",457,0,0,0,TRUE,"maxt_norm"
"2458",458,0,0,0,TRUE,"maxt_norm"
"2459",459,0,0,0,TRUE,"maxt_norm"
"2460",460,0,0,0,TRUE,"maxt_norm"
"2461",461,0,0,0,TRUE,"maxt_norm"
"2462",462,0,0,0,TRUE,"maxt_norm"
"2463",463,0,0,0,TRUE,"maxt_norm"
"2464",464,0,0,0,TRUE,"maxt_norm"
"2465",465,0,0,0,TRUE,"maxt_norm"
"2466",466,0,0,0,TRUE,"maxt_norm"
"2467",467,0,0,0,TRUE,"maxt_norm"
"2468",468,0,0,0,TRUE,"maxt_norm"
"2469",469,0,0,0,TRUE,"maxt_norm"
"2470",470,0,0,0,TRUE,"maxt_norm"
"2471",471,0,0,0,TRUE,"maxt_norm"
"2472",472,0,0,0,TRUE,"maxt_norm"
"2473",473,0,0,0,TRUE,"maxt_norm"
"2474",474,0,0,0,TRUE,"maxt_norm"
"2475",475,0,0,0,TRUE,"maxt_norm"
"2476",476,0,0,0,TRUE,"maxt_norm"
"2477",477,0,0,0,TRUE,"maxt_norm"
"2478",478,0,0,0,TRUE,"maxt_norm"
"2479",479,0,0,0,TRUE,"maxt_norm"
"2480",480,0,0,0,TRUE,"maxt_norm"
"2481",481,0,0,0,TRUE,"maxt_norm"
"2482",482,0,0,0,TRUE,"maxt_norm"
"2483",483,0,0,0,TRUE,"maxt_norm"
"2484",484,0,0,0,TRUE,"maxt_norm"
"2485",485,0,0,0,TRUE,"maxt_norm"
"2486",486,0,0,0,TRUE,"maxt_norm"
"2487",487,0,0,0,TRUE,"maxt_norm"
"2488",488,0,0,0,TRUE,"maxt_norm"
"2489",489,0,0,0,TRUE,"maxt_norm"
"2490",490,0,0,0,TRUE,"maxt_norm"
"2491",491,0,0,0,TRUE,"maxt_norm"
"2492",492,0,0,0,TRUE,"maxt_norm"
"2493",493,0,0,0,TRUE,"maxt_norm"
"2494",494,0,0,0,TRUE,"maxt_norm"
"2495",495,0,0,0,TRUE,"maxt_norm"
"2496",496,0,0,0,TRUE,"maxt_norm"
"2497",497,0,0,0,TRUE,"maxt_norm"
"2498",498,0,0,0,TRUE,"maxt_norm"
"2499",499,0,0,0,TRUE,"maxt_norm"
"2500",500,0,0,0,TRUE,"maxt_norm"
"2501",501,0,0,0,TRUE,"maxt_norm"
"2502",502,0,0,0,TRUE,"maxt_norm"
"2503",503,0,0,0,TRUE,"maxt_norm"
"2504",504,0,0,0,TRUE,"maxt_norm"
"2505",505,0,0,0,TRUE,"maxt_norm"
"2506",506,0,0,0,TRUE,"maxt_norm"
"2507",507,0,0,0,TRUE,"maxt_norm"
"2508",508,0,0,0,TRUE,"maxt_norm"
"2509",509,0,0,0,TRUE,"maxt_norm"
"2510",510,0,0,0,TRUE,"maxt_norm"
"2511",511,0,0,0,TRUE,"maxt_norm"
"2512",512,0,0,0,TRUE,"maxt_norm"
"2513",513,0,0,0,TRUE,"maxt_norm"
"2514",514,0,0,0,TRUE,"maxt_norm"
"2515",515,0,0,0,TRUE,"maxt_norm"
"2516",516,0,0,0,TRUE,"maxt_norm"
"2517",517,0,0,0,TRUE,"maxt_norm"
"2518",518,0,0,0,TRUE,"maxt_norm"
"2519",519,0,0,0,TRUE,"maxt_norm"
"2520",520,0,0,0,TRUE,"maxt_norm"
"2521",521,0,0,0,TRUE,"maxt_norm"
"2522",522,0,0,0,TRUE,"maxt_norm"
"2523",523,0,0,0,TRUE,"maxt_norm"
"2524",524,0,0,0,TRUE,"maxt_norm"
"2525",525,0,0,0,TRUE,"maxt_norm"
"2526",526,0,0,0,TRUE,"maxt_norm"
"2527",527,0,0,0,TRUE,"maxt_norm"
"2528",528,0,0,0,TRUE,"maxt_norm"
"2529",529,0,0,0,TRUE,"maxt_norm"
"2530",530,0,0,0,TRUE,"maxt_norm"
"2531",531,0,0,0,TRUE,"maxt_norm"
"2532",532,0,0,0,TRUE,"maxt_norm"
"2533",533,0,0,0,TRUE,"maxt_norm"
"2534",534,0,0,0,TRUE,"maxt_norm"
"2535",535,0,0,0,TRUE,"maxt_norm"
"2536",536,0,0,0,TRUE,"maxt_norm"
"2537",537,0,0,0,TRUE,"maxt_norm"
"2538",538,0,0,0,TRUE,"maxt_norm"
"2539",539,0,0,0,TRUE,"maxt_norm"
"2540",540,0,0,0,TRUE,"maxt_norm"
"2541",541,0,0,0,TRUE,"maxt_norm"
"2542",542,0,0,0,TRUE,"maxt_norm"
"2543",543,0,0,0,TRUE,"maxt_norm"
"2544",544,0,0,0,TRUE,"maxt_norm"
"2545",545,0,0,0,TRUE,"maxt_norm"
"2546",546,0,0,0,TRUE,"maxt_norm"
"2547",547,0,0,0,TRUE,"maxt_norm"
"2548",548,0,0,0,TRUE,"maxt_norm"
"2549",549,0,0,0,TRUE,"maxt_norm"
"2550",550,0,0,0,TRUE,"maxt_norm"
"2551",551,0,0,0,TRUE,"maxt_norm"
"2552",552,0,0,0,TRUE,"maxt_norm"
"2553",553,0,0,0,TRUE,"maxt_norm"
"2554",554,0,0,0,TRUE,"maxt_norm"
"2555",555,0,0,0,TRUE,"maxt_norm"
"2556",556,0,0,0,TRUE,"maxt_norm"
"2557",557,0,0,0,TRUE,"maxt_norm"
"2558",558,0,0,0,TRUE,"maxt_norm"
"2559",559,0,0,0,TRUE,"maxt_norm"
"2560",560,0,0,0,TRUE,"maxt_norm"
"2561",561,0,0,0,TRUE,"maxt_norm"
"2562",562,0,0,0,TRUE,"maxt_norm"
"2563",563,0,0,0,TRUE,"maxt_norm"
"2564",564,0,0,0,TRUE,"maxt_norm"
"2565",565,0,0,0,TRUE,"maxt_norm"
"2566",566,0,0,0,TRUE,"maxt_norm"
"2567",567,0,0,0,TRUE,"maxt_norm"
"2568",568,0,0,0,TRUE,"maxt_norm"
"2569",569,0,0,0,TRUE,"maxt_norm"
"2570",570,0,0,0,TRUE,"maxt_norm"
"2571",571,0,0,0,TRUE,"maxt_norm"
"2572",572,0,0,0,TRUE,"maxt_norm"
"2573",573,0,0,0,TRUE,"maxt_norm"
"2574",574,0,0,0,TRUE,"maxt_norm"
"2575",575,0,0,0,TRUE,"maxt_norm"
"2576",576,0,0,0,TRUE,"maxt_norm"
"2577",577,0,0,0,TRUE,"maxt_norm"
"2578",578,0,0,0,TRUE,"maxt_norm"
"2579",579,0,0,0,TRUE,"maxt_norm"
"2580",580,0,0,0,TRUE,"maxt_norm"
"2581",581,0,0,0,TRUE,"maxt_norm"
"2582",582,0,0,0,TRUE,"maxt_norm"
"2583",583,0,0,0,TRUE,"maxt_norm"
"2584",584,0,0,0,TRUE,"maxt_norm"
"2585",585,0,0,0,TRUE,"maxt_norm"
"2586",586,0,0,0,TRUE,"maxt_norm"
"2587",587,0,0,0,TRUE,"maxt_norm"
"2588",588,0,0,0,TRUE,"maxt_norm"
"2589",589,0,0,0,TRUE,"maxt_norm"
"2590",590,0,0,0,TRUE,"maxt_norm"
"2591",591,0,0,0,TRUE,"maxt_norm"
"2592",592,0,0,0,TRUE,"maxt_norm"
"2593",593,0,0,0,TRUE,"maxt_norm"
"2594",594,0,0,0,TRUE,"maxt_norm"
"2595",595,0,0,0,TRUE,"maxt_norm"
"2596",596,0,0,0,TRUE,"maxt_norm"
"2597",597,0,0,0,TRUE,"maxt_norm"
"2598",598,0,0,0,TRUE,"maxt_norm"
"2599",599,0,0,0,TRUE,"maxt_norm"
"2600",600,0,0,0,TRUE,"maxt_norm"
"2601",601,0,0,0,TRUE,"maxt_norm"
"2602",602,0,0,0,TRUE,"maxt_norm"
"2603",603,0,0,0,TRUE,"maxt_norm"
"2604",604,0,0,0,TRUE,"maxt_norm"
"2605",605,0,0,0,TRUE,"maxt_norm"
"2606",606,0,0,0,TRUE,"maxt_norm"
"2607",607,0,0,0,TRUE,"maxt_norm"
"2608",608,0,0,0,TRUE,"maxt_norm"
"2609",609,0,0,0,TRUE,"maxt_norm"
"2610",610,0,0,0,TRUE,"maxt_norm"
"2611",611,0,0,0,TRUE,"maxt_norm"
"2612",612,0,0,0,TRUE,"maxt_norm"
"2613",613,0,0,0,TRUE,"maxt_norm"
"2614",614,0,0,0,TRUE,"maxt_norm"
"2615",615,0,0,0,TRUE,"maxt_norm"
"2616",616,0,0,0,TRUE,"maxt_norm"
"2617",617,0,0,0,TRUE,"maxt_norm"
"2618",618,0,0,0,TRUE,"maxt_norm"
"2619",619,0,0,0,TRUE,"maxt_norm"
"2620",620,0,0,0,TRUE,"maxt_norm"
"2621",621,0,0,0,TRUE,"maxt_norm"
"2622",622,0,0,0,TRUE,"maxt_norm"
"2623",623,0,0,0,TRUE,"maxt_norm"
"2624",624,0,0,0,TRUE,"maxt_norm"
"2625",625,0,0,0,TRUE,"maxt_norm"
"2626",626,0,0,0,TRUE,"maxt_norm"
"2627",627,0,0,0,TRUE,"maxt_norm"
"2628",628,0,0,0,TRUE,"maxt_norm"
"2629",629,0,0,0,TRUE,"maxt_norm"
"2630",630,0,0,0,TRUE,"maxt_norm"
"2631",631,0,0,0,TRUE,"maxt_norm"
"2632",632,0,0,0,TRUE,"maxt_norm"
"2633",633,0,0,0,TRUE,"maxt_norm"
"2634",634,0,0,0,TRUE,"maxt_norm"
"2635",635,0,0,0,TRUE,"maxt_norm"
"2636",636,0,0,0,TRUE,"maxt_norm"
"2637",637,0,0,0,TRUE,"maxt_norm"
"2638",638,0,0,0,TRUE,"maxt_norm"
"2639",639,0,0,0,TRUE,"maxt_norm"
"2640",640,0,0,0,TRUE,"maxt_norm"
"2641",641,0,0,0,TRUE,"maxt_norm"
"2642",642,0,0,0,TRUE,"maxt_norm"
"2643",643,0,0,0,TRUE,"maxt_norm"
"2644",644,0,0,0,TRUE,"maxt_norm"
"2645",645,0,0,0,TRUE,"maxt_norm"
"2646",646,0,0,0,TRUE,"maxt_norm"
"2647",647,0,0,0,TRUE,"maxt_norm"
"2648",648,0,0,0,TRUE,"maxt_norm"
"2649",649,0,0,0,TRUE,"maxt_norm"
"2650",650,0,0,0,TRUE,"maxt_norm"
"2651",651,0,0,0,TRUE,"maxt_norm"
"2652",652,0,0,0,TRUE,"maxt_norm"
"2653",653,0,0,0,TRUE,"maxt_norm"
"2654",654,0,0,0,TRUE,"maxt_norm"
"2655",655,0,0,0,TRUE,"maxt_norm"
"2656",656,0,0,0,TRUE,"maxt_norm"
"2657",657,0,0,0,TRUE,"maxt_norm"
"2658",658,0,0,0,TRUE,"maxt_norm"
"2659",659,0,0,0,TRUE,"maxt_norm"
"2660",660,0,0,0,TRUE,"maxt_norm"
"2661",661,0,0,0,TRUE,"maxt_norm"
"2662",662,0,0,0,TRUE,"maxt_norm"
"2663",663,0,0,0,TRUE,"maxt_norm"
"2664",664,0,0,0,TRUE,"maxt_norm"
"2665",665,0,0,0,TRUE,"maxt_norm"
"2666",666,0,0,0,TRUE,"maxt_norm"
"2667",667,0,0,0,TRUE,"maxt_norm"
"2668",668,0,0,0,TRUE,"maxt_norm"
"2669",669,0,0,0,TRUE,"maxt_norm"
"2670",670,0,0,0,TRUE,"maxt_norm"
"2671",671,0,0,0,TRUE,"maxt_norm"
"2672",672,0,0,0,TRUE,"maxt_norm"
"2673",673,0,0,0,TRUE,"maxt_norm"
"2674",674,0,0,0,TRUE,"maxt_norm"
"2675",675,0,0,0,TRUE,"maxt_norm"
"2676",676,0,0,0,TRUE,"maxt_norm"
"2677",677,0,0,0,TRUE,"maxt_norm"
"2678",678,0,0,0,TRUE,"maxt_norm"
"2679",679,0,0,0,TRUE,"maxt_norm"
"2680",680,0,0,0,TRUE,"maxt_norm"
"2681",681,0,0,0,TRUE,"maxt_norm"
"2682",682,0,0,0,TRUE,"maxt_norm"
"2683",683,0,0,0,TRUE,"maxt_norm"
"2684",684,0,0,0,TRUE,"maxt_norm"
"2685",685,0,0,0,TRUE,"maxt_norm"
"2686",686,0,0,0,TRUE,"maxt_norm"
"2687",687,0,0,0,TRUE,"maxt_norm"
"2688",688,0,0,0,TRUE,"maxt_norm"
"2689",689,0,0,0,TRUE,"maxt_norm"
"2690",690,0,0,0,TRUE,"maxt_norm"
"2691",691,0,0,0,TRUE,"maxt_norm"
"2692",692,0,0,0,TRUE,"maxt_norm"
"2693",693,0,0,0,TRUE,"maxt_norm"
"2694",694,0,0,0,TRUE,"maxt_norm"
"2695",695,0,0,0,TRUE,"maxt_norm"
"2696",696,0,0,0,TRUE,"maxt_norm"
"2697",697,0,0,0,TRUE,"maxt_norm"
"2698",698,0,0,0,TRUE,"maxt_norm"
"2699",699,0,0,0,TRUE,"maxt_norm"
"2700",700,0,0,0,TRUE,"maxt_norm"
"2701",701,0,0,0,TRUE,"maxt_norm"
"2702",702,0,0,0,TRUE,"maxt_norm"
"2703",703,0,0,0,TRUE,"maxt_norm"
"2704",704,0,0,0,TRUE,"maxt_norm"
"2705",705,0,0,0,TRUE,"maxt_norm"
"2706",706,0,0,0,TRUE,"maxt_norm"
"2707",707,0,0,0,TRUE,"maxt_norm"
"2708",708,0,0,0,TRUE,"maxt_norm"
"2709",709,0,0,0,TRUE,"maxt_norm"
"2710",710,0,0,0,TRUE,"maxt_norm"
"2711",711,0,0,0,TRUE,"maxt_norm"
"2712",712,0,0,0,TRUE,"maxt_norm"
"2713",713,0,0,0,TRUE,"maxt_norm"
"2714",714,0,0,0,TRUE,"maxt_norm"
"2715",715,0,0,0,TRUE,"maxt_norm"
"2716",716,0,0,0,TRUE,"maxt_norm"
"2717",717,0,0,0,TRUE,"maxt_norm"
"2718",718,0,0,0,TRUE,"maxt_norm"
"2719",719,0,0,0,TRUE,"maxt_norm"
"2720",720,0,0,0,TRUE,"maxt_norm"
"2721",721,0,0,0,TRUE,"maxt_norm"
"2722",722,0,0,0,TRUE,"maxt_norm"
"2723",723,0,0,0,TRUE,"maxt_norm"
"2724",724,0,0,0,TRUE,"maxt_norm"
"2725",725,0,0,0,TRUE,"maxt_norm"
"2726",726,0,0,0,TRUE,"maxt_norm"
"2727",727,0,0,0,TRUE,"maxt_norm"
"2728",728,0,0,0,TRUE,"maxt_norm"
"2729",729,0,0,0,TRUE,"maxt_norm"
"2730",730,0,0,0,TRUE,"maxt_norm"
"2731",731,0,0,0,TRUE,"maxt_norm"
"2732",732,0,0,0,TRUE,"maxt_norm"
"2733",733,0,0,0,TRUE,"maxt_norm"
"2734",734,0,0,0,TRUE,"maxt_norm"
"2735",735,0,0,0,TRUE,"maxt_norm"
"2736",736,0,0,0,TRUE,"maxt_norm"
"2737",737,0,0,0,TRUE,"maxt_norm"
"2738",738,0,0,0,TRUE,"maxt_norm"
"2739",739,0,0,0,TRUE,"maxt_norm"
"2740",740,0,0,0,TRUE,"maxt_norm"
"2741",741,0,0,0,TRUE,"maxt_norm"
"2742",742,0,0,0,TRUE,"maxt_norm"
"2743",743,0,0,0,TRUE,"maxt_norm"
"2744",744,0,0,0,TRUE,"maxt_norm"
"2745",745,0,0,0,TRUE,"maxt_norm"
"2746",746,0,0,0,TRUE,"maxt_norm"
"2747",747,0,0,0,TRUE,"maxt_norm"
"2748",748,0,0,0,TRUE,"maxt_norm"
"2749",749,0,0,0,TRUE,"maxt_norm"
"2750",750,0,0,0,TRUE,"maxt_norm"
"2751",751,0,0,0,TRUE,"maxt_norm"
"2752",752,0,0,0,TRUE,"maxt_norm"
"2753",753,0,0,0,TRUE,"maxt_norm"
"2754",754,0,0,0,TRUE,"maxt_norm"
"2755",755,0,0,0,TRUE,"maxt_norm"
"2756",756,0,0,0,TRUE,"maxt_norm"
"2757",757,0,0,0,TRUE,"maxt_norm"
"2758",758,0,0,0,TRUE,"maxt_norm"
"2759",759,0,0,0,TRUE,"maxt_norm"
"2760",760,0,0,0,TRUE,"maxt_norm"
"2761",761,0,0,0,TRUE,"maxt_norm"
"2762",762,0,0,0,TRUE,"maxt_norm"
"2763",763,0,0,0,TRUE,"maxt_norm"
"2764",764,0,0,0,TRUE,"maxt_norm"
"2765",765,0,0,0,TRUE,"maxt_norm"
"2766",766,0,0,0,TRUE,"maxt_norm"
"2767",767,0,0,0,TRUE,"maxt_norm"
"2768",768,0,0,0,TRUE,"maxt_norm"
"2769",769,0,0,0,TRUE,"maxt_norm"
"2770",770,0,0,0,TRUE,"maxt_norm"
"2771",771,0,0,0,TRUE,"maxt_norm"
"2772",772,0,0,0,TRUE,"maxt_norm"
"2773",773,0,0,0,TRUE,"maxt_norm"
"2774",774,0,0,0,TRUE,"maxt_norm"
"2775",775,0,0,0,TRUE,"maxt_norm"
"2776",776,0,0,0,TRUE,"maxt_norm"
"2777",777,0,0,0,TRUE,"maxt_norm"
"2778",778,0,0,0,TRUE,"maxt_norm"
"2779",779,0,0,0,TRUE,"maxt_norm"
"2780",780,0,0,0,TRUE,"maxt_norm"
"2781",781,0,0,0,TRUE,"maxt_norm"
"2782",782,0,0,0,TRUE,"maxt_norm"
"2783",783,0,0,0,TRUE,"maxt_norm"
"2784",784,0,0,0,TRUE,"maxt_norm"
"2785",785,0,0,0,TRUE,"maxt_norm"
"2786",786,0,0,0,TRUE,"maxt_norm"
"2787",787,0,0,0,TRUE,"maxt_norm"
"2788",788,0,0,0,TRUE,"maxt_norm"
"2789",789,0,0,0,TRUE,"maxt_norm"
"2790",790,0,0,0,TRUE,"maxt_norm"
"2791",791,0,0,0,TRUE,"maxt_norm"
"2792",792,0,0,0,TRUE,"maxt_norm"
"2793",793,0,0,0,TRUE,"maxt_norm"
"2794",794,0,0,0,TRUE,"maxt_norm"
"2795",795,0,0,0,TRUE,"maxt_norm"
"2796",796,0,0,0,TRUE,"maxt_norm"
"2797",797,0,0,0,TRUE,"maxt_norm"
"2798",798,0,0,0,TRUE,"maxt_norm"
"2799",799,0,0,0,TRUE,"maxt_norm"
"2800",800,0,0,0,TRUE,"maxt_norm"
"2801",801,0,0,0,TRUE,"maxt_norm"
"2802",802,0,0,0,TRUE,"maxt_norm"
"2803",803,0,0,0,TRUE,"maxt_norm"
"2804",804,0,0,0,TRUE,"maxt_norm"
"2805",805,0,0,0,TRUE,"maxt_norm"
"2806",806,0,0,0,TRUE,"maxt_norm"
"2807",807,0,0,0,TRUE,"maxt_norm"
"2808",808,0,0,0,TRUE,"maxt_norm"
"2809",809,0,0,0,TRUE,"maxt_norm"
"2810",810,0,0,0,TRUE,"maxt_norm"
"2811",811,0,0,0,TRUE,"maxt_norm"
"2812",812,0,0,0,TRUE,"maxt_norm"
"2813",813,0,0,0,TRUE,"maxt_norm"
"2814",814,0,0,0,TRUE,"maxt_norm"
"2815",815,0,0,0,TRUE,"maxt_norm"
"2816",816,0,0,0,TRUE,"maxt_norm"
"2817",817,0,0,0,TRUE,"maxt_norm"
"2818",818,0,0,0,TRUE,"maxt_norm"
"2819",819,0,0,0,TRUE,"maxt_norm"
"2820",820,0,0,0,TRUE,"maxt_norm"
"2821",821,0,0,0,TRUE,"maxt_norm"
"2822",822,0,0,0,TRUE,"maxt_norm"
"2823",823,0,0,0,TRUE,"maxt_norm"
"2824",824,0,0,0,TRUE,"maxt_norm"
"2825",825,0,0,0,TRUE,"maxt_norm"
"2826",826,0,0,0,TRUE,"maxt_norm"
"2827",827,0,0,0,TRUE,"maxt_norm"
"2828",828,0,0,0,TRUE,"maxt_norm"
"2829",829,0,0,0,TRUE,"maxt_norm"
"2830",830,0,0,0,TRUE,"maxt_norm"
"2831",831,0,0,0,TRUE,"maxt_norm"
"2832",832,0,0,0,TRUE,"maxt_norm"
"2833",833,0,0,0,TRUE,"maxt_norm"
"2834",834,0,0,0,TRUE,"maxt_norm"
"2835",835,0,0,0,TRUE,"maxt_norm"
"2836",836,0,0,0,TRUE,"maxt_norm"
"2837",837,0,0,0,TRUE,"maxt_norm"
"2838",838,0,0,0,TRUE,"maxt_norm"
"2839",839,0,0,0,TRUE,"maxt_norm"
"2840",840,0,0,0,TRUE,"maxt_norm"
"2841",841,0,0,0,TRUE,"maxt_norm"
"2842",842,0,0,0,TRUE,"maxt_norm"
"2843",843,0,0,0,TRUE,"maxt_norm"
"2844",844,0,0,0,TRUE,"maxt_norm"
"2845",845,0,0,0,TRUE,"maxt_norm"
"2846",846,0,0,0,TRUE,"maxt_norm"
"2847",847,0,0,0,TRUE,"maxt_norm"
"2848",848,0,0,0,TRUE,"maxt_norm"
"2849",849,0,0,0,TRUE,"maxt_norm"
"2850",850,0,0,0,TRUE,"maxt_norm"
"2851",851,0,0,0,TRUE,"maxt_norm"
"2852",852,0,0,0,TRUE,"maxt_norm"
"2853",853,0,0,0,TRUE,"maxt_norm"
"2854",854,0,0,0,TRUE,"maxt_norm"
"2855",855,0,0,0,TRUE,"maxt_norm"
"2856",856,0,0,0,TRUE,"maxt_norm"
"2857",857,0,0,0,TRUE,"maxt_norm"
"2858",858,0,0,0,TRUE,"maxt_norm"
"2859",859,0,0,0,TRUE,"maxt_norm"
"2860",860,0,0,0,TRUE,"maxt_norm"
"2861",861,0,0,0,TRUE,"maxt_norm"
"2862",862,0,0,0,TRUE,"maxt_norm"
"2863",863,0,0,0,TRUE,"maxt_norm"
"2864",864,0,0,0,TRUE,"maxt_norm"
"2865",865,0,0,0,TRUE,"maxt_norm"
"2866",866,0,0,0,TRUE,"maxt_norm"
"2867",867,0,0,0,TRUE,"maxt_norm"
"2868",868,0,0,0,TRUE,"maxt_norm"
"2869",869,0,0,0,TRUE,"maxt_norm"
"2870",870,0,0,0,TRUE,"maxt_norm"
"2871",871,0,0,0,TRUE,"maxt_norm"
"2872",872,0,0,0,TRUE,"maxt_norm"
"2873",873,0,0,0,TRUE,"maxt_norm"
"2874",874,0,0,0,TRUE,"maxt_norm"
"2875",875,0,0,0,TRUE,"maxt_norm"
"2876",876,0,0,0,TRUE,"maxt_norm"
"2877",877,0,0,0,TRUE,"maxt_norm"
"2878",878,0,0,0,TRUE,"maxt_norm"
"2879",879,0,0,0,TRUE,"maxt_norm"
"2880",880,0,0,0,TRUE,"maxt_norm"
"2881",881,0,0,0,TRUE,"maxt_norm"
"2882",882,0,0,0,TRUE,"maxt_norm"
"2883",883,0,0,0,TRUE,"maxt_norm"
"2884",884,0,0,0,TRUE,"maxt_norm"
"2885",885,0,0,0,TRUE,"maxt_norm"
"2886",886,0,0,0,TRUE,"maxt_norm"
"2887",887,0,0,0,TRUE,"maxt_norm"
"2888",888,0,0,0,TRUE,"maxt_norm"
"2889",889,0,0,0,TRUE,"maxt_norm"
"2890",890,0,0,0,TRUE,"maxt_norm"
"2891",891,0,0,0,TRUE,"maxt_norm"
"2892",892,0,0,0,TRUE,"maxt_norm"
"2893",893,0,0,0,TRUE,"maxt_norm"
"2894",894,0,0,0,TRUE,"maxt_norm"
"2895",895,0,0,0,TRUE,"maxt_norm"
"2896",896,0,0,0,TRUE,"maxt_norm"
"2897",897,0,0,0,TRUE,"maxt_norm"
"2898",898,0,0,0,TRUE,"maxt_norm"
"2899",899,0,0,0,TRUE,"maxt_norm"
"2900",900,0,0,0,TRUE,"maxt_norm"
"2901",901,0,0,0,TRUE,"maxt_norm"
"2902",902,0,0,0,TRUE,"maxt_norm"
"2903",903,0,0,0,TRUE,"maxt_norm"
"2904",904,0,0,0,TRUE,"maxt_norm"
"2905",905,0,0,0,TRUE,"maxt_norm"
"2906",906,0,0,0,TRUE,"maxt_norm"
"2907",907,0,0,0,TRUE,"maxt_norm"
"2908",908,0,0,0,TRUE,"maxt_norm"
"2909",909,0,0,0,TRUE,"maxt_norm"
"2910",910,0,0,0,TRUE,"maxt_norm"
"2911",911,0,0,0,TRUE,"maxt_norm"
"2912",912,0,0,0,TRUE,"maxt_norm"
"2913",913,0,0,0,TRUE,"maxt_norm"
"2914",914,0,0,0,TRUE,"maxt_norm"
"2915",915,0,0,0,TRUE,"maxt_norm"
"2916",916,0,0,0,TRUE,"maxt_norm"
"2917",917,0,0,0,TRUE,"maxt_norm"
"2918",918,0,0,0,TRUE,"maxt_norm"
"2919",919,0,0,0,TRUE,"maxt_norm"
"2920",920,0,0,0,TRUE,"maxt_norm"
"2921",921,0,0,0,TRUE,"maxt_norm"
"2922",922,0,0,0,TRUE,"maxt_norm"
"2923",923,0,0,0,TRUE,"maxt_norm"
"2924",924,0,0,0,TRUE,"maxt_norm"
"2925",925,0,0,0,TRUE,"maxt_norm"
"2926",926,0,0,0,TRUE,"maxt_norm"
"2927",927,0,0,0,TRUE,"maxt_norm"
"2928",928,0,0,0,TRUE,"maxt_norm"
"2929",929,0,0,0,TRUE,"maxt_norm"
"2930",930,0,0,0,TRUE,"maxt_norm"
"2931",931,0,0,0,TRUE,"maxt_norm"
"2932",932,0,0,0,TRUE,"maxt_norm"
"2933",933,0,0,0,TRUE,"maxt_norm"
"2934",934,0,0,0,TRUE,"maxt_norm"
"2935",935,0,0,0,TRUE,"maxt_norm"
"2936",936,0,0,0,TRUE,"maxt_norm"
"2937",937,0,0,0,TRUE,"maxt_norm"
"2938",938,0,0,0,TRUE,"maxt_norm"
"2939",939,0,0,0,TRUE,"maxt_norm"
"2940",940,0,0,0,TRUE,"maxt_norm"
"2941",941,0,0,0,TRUE,"maxt_norm"
"2942",942,0,0,0,TRUE,"maxt_norm"
"2943",943,0,0,0,TRUE,"maxt_norm"
"2944",944,0,0,0,TRUE,"maxt_norm"
"2945",945,0,0,0,TRUE,"maxt_norm"
"2946",946,0,0,0,TRUE,"maxt_norm"
"2947",947,0,0,0,TRUE,"maxt_norm"
"2948",948,0,0,0,TRUE,"maxt_norm"
"2949",949,0,0,0,TRUE,"maxt_norm"
"2950",950,0,0,0,TRUE,"maxt_norm"
"2951",951,0,0,0,TRUE,"maxt_norm"
"2952",952,0,0,0,TRUE,"maxt_norm"
"2953",953,0,0,0,TRUE,"maxt_norm"
"2954",954,0,0,0,TRUE,"maxt_norm"
"2955",955,0,0,0,TRUE,"maxt_norm"
"2956",956,0,0,0,TRUE,"maxt_norm"
"2957",957,0,0,0,TRUE,"maxt_norm"
"2958",958,0,0,0,TRUE,"maxt_norm"
"2959",959,0,0,0,TRUE,"maxt_norm"
"2960",960,0,0,0,TRUE,"maxt_norm"
"2961",961,0,0,0,TRUE,"maxt_norm"
"2962",962,0,0,0,TRUE,"maxt_norm"
"2963",963,0,0,0,TRUE,"maxt_norm"
"2964",964,0,0,0,TRUE,"maxt_norm"
"2965",965,0,0,0,TRUE,"maxt_norm"
"2966",966,0,0,0,TRUE,"maxt_norm"
"2967",967,0,0,0,TRUE,"maxt_norm"
"2968",968,0,0,0,TRUE,"maxt_norm"
"2969",969,0,0,0,TRUE,"maxt_norm"
"2970",970,0,0,0,TRUE,"maxt_norm"
"2971",971,0,0,0,TRUE,"maxt_norm"
"2972",972,0,0,0,TRUE,"maxt_norm"
"2973",973,0,0,0,TRUE,"maxt_norm"
"2974",974,0,0,0,TRUE,"maxt_norm"
"2975",975,0,0,0,TRUE,"maxt_norm"
"2976",976,0,0,0,TRUE,"maxt_norm"
"2977",977,0,0,0,TRUE,"maxt_norm"
"2978",978,0,0,0,TRUE,"maxt_norm"
"2979",979,0,0,0,TRUE,"maxt_norm"
"2980",980,0,0,0,TRUE,"maxt_norm"
"2981",981,0,0,0,TRUE,"maxt_norm"
"2982",982,0,0,0,TRUE,"maxt_norm"
"2983",983,0,0,0,TRUE,"maxt_norm"
"2984",984,0,0,0,TRUE,"maxt_norm"
"2985",985,0,0,0,TRUE,"maxt_norm"
"2986",986,0,0,0,TRUE,"maxt_norm"
"2987",987,0,0,0,TRUE,"maxt_norm"
"2988",988,0,0,0,TRUE,"maxt_norm"
"2989",989,0,0,0,TRUE,"maxt_norm"
"2990",990,0,0,0,TRUE,"maxt_norm"
"2991",991,0,0,0,TRUE,"maxt_norm"
"2992",992,0,0,0,TRUE,"maxt_norm"
"2993",993,0,0,0,TRUE,"maxt_norm"
"2994",994,0,0,0,TRUE,"maxt_norm"
"2995",995,0,0,0,TRUE,"maxt_norm"
"2996",996,0,0,0,TRUE,"maxt_norm"
"2997",997,0,0,0,TRUE,"maxt_norm"
"2998",998,0,0,0,TRUE,"maxt_norm"
"2999",999,0,0,0,TRUE,"maxt_norm"
"3000",1000,0,0,0,TRUE,"maxt_norm"
